image_1,image_2,image_3,image_4,image_5,image_6,image_7,image_8,image_9,image_10,LightNoise,LightNoise_light_param,GradientLightNoise,GradientLightNoise_light_param,CircularLightNoise,CircularLightNoise_light_param,CircularLightNoise_r_circle,CircularLightNoise_kernel_sigma,SPNoise,SPNoise_amount_sp,SPNoise_bw,SPNoise_pepper_color,SPNoise_salt_color,NegativeNoise,BlurNoise,BlurNoise_blur_sigma,BlurNoise_blur_kernel_size,pitch,yaw,roll,scale,pred_label
0.00000,0.00000,0.00000,0.00000,0.00000,0.00000,0.00000,0.00000,0.00000,0.00000,0.00000,0.50000,0.00000,0.50000,0.00000,0.50000,-0.93750,0.00000,0.00000,-0.60000,0.00000,0.00000,-1.00000,0.00000,0.00000,-0.60000,-0.23070,0.00000,0.26660,0.23321,0.52563,1.00000
0.00000,0.00000,0.00000,1.00000,0.00000,1.00000,0.00000,0.00000,0.17316,0.00000,0.00000,0.50000,0.00000,0.50000,0.00000,0.50000,-0.93750,0.00000,0.00000,-0.60000,0.00000,0.00000,-1.00000,0.00000,0.00000,-0.60000,-0.23070,0.57878,0.00000,0.00000,0.59606,1.00000
0.00000,0.00000,0.00000,0.00000,0.00000,0.00000,0.00000,0.00000,0.00000,0.00000,0.17691,0.45473,1.00000,0.98000,0.00000,0.50000,-0.93750,0.00000,0.00000,-0.60000,0.00000,0.00000,-1.00000,0.00000,0.00000,-0.60000,-0.23070,0.00000,0.04324,0.00000,0.83309,1.00000
0.00000,0.00000,0.00000,0.00000,0.00000,0.00000,0.00000,0.00000,0.78002,0.78002,0.00000,0.50000,0.00000,0.50000,1.00000,0.81208,0.51249,0.00319,0.00000,-0.60000,0.00000,0.00000,-1.00000,0.00000,0.00000,-0.60000,-0.23070,0.11725,0.52529,0.00000,0.63891,1.00000
1.00000,0.00000,0.00000,0.00000,0.00000,0.00000,0.00000,0.00000,0.00000,0.00000,0.00000,0.50000,0.00000,0.50000,0.00000,0.50000,-0.93750,0.00000,0.00000,-0.60000,0.00000,0.00000,-1.00000,0.72516,0.00000,-0.60000,-0.23070,0.00000,0.00000,0.00000,0.50026,1.00000
0.00000,0.00000,0.00000,0.00000,0.00000,0.00000,0.00000,0.00000,0.00000,0.00000,0.00000,0.50000,0.00000,0.50000,0.00000,0.50000,-0.93750,0.00000,0.00000,-0.60000,0.00000,0.00000,-1.00000,0.07488,0.00000,-0.60000,-0.23070,0.16826,0.00000,0.00000,0.24176,1.00000
0.00000,0.00000,0.00000,0.97574,0.00000,0.00000,0.00000,0.00000,0.00000,0.00000,0.00000,0.50000,0.00000,0.50000,0.00000,0.50000,-0.93750,0.00000,0.00000,-0.60000,0.00000,0.00000,-1.00000,0.00000,1.00000,0.60970,0.01492,0.25006,0.54222,0.00108,0.79087,1.00000
0.00000,0.00000,0.00000,0.14529,0.00000,0.00000,0.00000,0.00000,0.00000,0.00000,0.00000,0.50000,1.00000,0.89514,1.00000,0.28015,0.83066,0.20996,0.00000,-0.60000,0.00000,0.00000,-1.00000,0.00000,0.00000,-0.60000,-0.23070,0.10330,0.74078,0.02849,0.87033,1.00000
0.52565,0.00000,0.00000,0.00000,0.00000,0.00000,0.00000,0.00000,0.00000,0.00000,0.00000,0.50000,0.00000,0.50000,0.00000,0.50000,-0.93750,0.00000,0.00000,-0.60000,0.00000,0.00000,-1.00000,1.00000,0.00000,-0.60000,-0.23070,0.00000,0.00000,0.00000,0.55197,1.00000
0.00000,0.00000,0.00000,0.00000,0.00000,0.00000,0.00000,0.00000,0.00000,0.00000,0.00000,0.50000,0.00000,0.50000,0.00000,0.50000,-0.93750,0.00000,0.00000,-0.60000,0.00000,0.00000,-1.00000,0.00000,0.00000,-0.60000,-0.23070,0.00000,0.63728,0.00000,0.87887,1.00000
0.00000,0.00000,0.00000,0.00000,0.00000,0.00000,0.00000,0.00000,0.00000,0.00000,0.00000,0.50000,0.00000,0.50000,0.00000,0.50000,-0.93750,0.00000,0.00000,-0.60000,0.00000,0.00000,-1.00000,0.00000,0.00000,-0.60000,-0.23070,0.00000,0.00000,0.00000,0.88355,1.00000
1.00000,0.00000,0.00000,0.00000,0.00000,0.00000,0.00000,0.00000,0.00000,0.00000,0.00000,0.50000,0.00000,0.50000,0.00000,0.50000,-0.93750,0.00000,0.00000,-0.60000,0.00000,0.00000,-1.00000,0.00000,0.00000,-0.60000,-0.23070,0.38813,0.00000,0.00000,0.52526,1.00000
0.00000,0.00000,0.00000,0.00000,0.00000,0.00000,0.00000,0.00000,0.00000,0.00000,0.00000,0.50000,0.00000,0.50000,0.00000,0.50000,-0.93750,0.00000,0.00000,-0.60000,0.00000,0.00000,-1.00000,0.00000,0.00000,-0.60000,-0.23070,0.00000,0.00000,0.00000,0.55728,1.00000
0.00000,0.00000,0.00000,0.00000,0.00000,0.00000,0.11576,0.00000,0.00000,0.00000,0.00000,0.50000,0.00000,0.50000,0.00000,0.50000,-0.93750,0.00000,0.00000,-0.60000,0.00000,0.00000,-1.00000,0.00000,0.00000,-0.60000,-0.23070,0.07858,0.67941,0.02057,0.60000,1.00000
0.00000,0.00000,0.00000,0.00000,0.95156,0.00000,0.00000,0.04844,0.00000,0.00000,0.00000,0.50000,0.00000,0.50000,1.00000,0.64087,0.63105,0.39829,0.00000,-0.60000,0.00000,0.00000,-1.00000,0.00000,0.00000,-0.60000,-0.23070,0.15853,0.25369,0.00054,0.50704,1.00000
0.00000,0.00000,0.00000,0.00000,0.91520,0.00000,0.00000,0.00000,0.00000,0.00000,0.00000,0.50000,0.00000,0.50000,0.00000,0.50000,-0.93750,0.00000,0.00000,-0.60000,0.00000,0.00000,-1.00000,0.00000,0.00000,-0.60000,-0.23070,0.00000,0.00000,0.00000,0.49302,1.00000
0.00000,0.00000,0.00000,0.00000,0.00000,0.00000,1.00000,0.33830,0.00000,0.00000,0.00000,0.50000,0.00000,0.50000,0.00000,0.50000,-0.93750,0.00000,0.00000,-0.60000,0.00000,0.00000,-1.00000,0.00000,0.00000,-0.60000,-0.23070,0.15437,0.00000,0.00000,0.88472,1.00000
0.00000,0.00000,0.00000,0.67730,0.00000,0.00000,1.00000,0.00000,0.00000,0.00000,0.00000,0.50000,0.00000,0.50000,0.00000,0.50000,-0.93750,0.00000,0.00000,-0.60000,0.00000,0.00000,-1.00000,0.00000,0.00000,-0.60000,-0.23070,0.00000,0.55964,0.05734,0.40140,1.00000
0.00000,0.00000,0.00000,0.00000,0.00000,0.00000,0.00000,0.00000,0.00000,0.00000,0.00000,0.50000,1.00000,0.59788,0.00000,0.50000,-0.93750,0.00000,0.00000,-0.60000,0.00000,0.00000,-1.00000,0.00000,0.00000,-0.60000,-0.23070,0.00000,0.42233,0.00000,0.62377,1.00000
0.68437,0.00000,0.00000,0.00000,0.00000,0.00000,0.68437,0.00000,0.00000,0.00000,0.00000,0.50000,0.00000,0.50000,0.00000,0.50000,-0.93750,0.00000,0.00000,-0.60000,0.00000,0.00000,-1.00000,0.00000,1.00000,0.80000,0.21051,0.13320,0.16492,0.00000,0.64645,1.00000
0.00000,1.00000,0.00000,0.00000,0.00000,0.00000,0.00000,0.00000,1.00000,0.00000,0.00000,0.50000,0.00000,0.50000,0.00000,0.50000,-0.93750,0.00000,0.00000,-0.60000,0.00000,0.00000,-1.00000,0.00000,0.00000,-0.60000,-0.23070,0.30745,0.00000,0.00000,0.54581,1.00000
0.00000,0.86192,0.00000,0.00000,0.00000,1.00000,0.00000,0.00000,0.00000,0.00000,0.00000,0.50000,0.00000,0.50000,0.00000,0.50000,-0.93750,0.00000,0.00000,-0.60000,0.00000,0.00000,-1.00000,1.00000,0.00000,-0.60000,-0.23070,0.02873,0.00000,0.10533,0.69988,1.00000
0.00000,0.00000,0.00000,0.00000,0.00000,0.38200,0.00000,0.00000,0.00000,0.00000,0.00000,0.50000,0.00000,0.50000,0.00000,0.50000,-0.93750,0.00000,0.00000,-0.60000,0.00000,0.00000,-1.00000,1.00000,0.00000,-0.60000,-0.23070,0.00000,0.00000,0.00000,0.62264,1.00000
0.00000,0.00000,0.00000,0.00000,0.00000,0.00000,0.00000,0.00000,0.00000,0.00000,0.00000,0.50000,0.00000,0.50000,0.00000,0.50000,-0.93750,0.00000,0.00000,-0.60000,0.00000,0.00000,-1.00000,0.00000,0.00000,-0.60000,-0.23070,0.00000,0.07666,0.00000,0.34792,1.00000
0.00000,0.00000,0.00000,0.00000,0.00000,0.00000,0.00000,0.00000,0.00000,0.00000,0.00000,0.50000,0.00000,0.50000,0.00000,0.50000,-0.93750,0.00000,0.00000,-0.60000,0.00000,0.00000,-1.00000,0.00000,0.00000,-0.60000,-0.23070,0.00000,0.00000,0.00000,0.68877,1.00000
1.00000,0.00000,0.00000,0.00000,0.00000,0.00000,0.00000,0.12174,0.00000,1.00000,0.00000,0.50000,0.00000,0.50000,0.00000,0.50000,-0.93750,0.00000,0.00000,-0.60000,0.00000,0.00000,-1.00000,0.00000,0.00000,-0.60000,-0.23070,0.00000,0.00000,0.00000,0.22466,1.00000
0.00000,0.00000,0.00000,0.00000,0.00000,0.00000,0.00000,0.00000,0.00000,0.00000,0.00000,0.50000,0.00000,0.50000,0.00000,0.50000,-0.93750,0.00000,0.00000,-0.60000,0.00000,0.00000,-1.00000,0.00000,0.00000,-0.60000,-0.23070,0.00000,0.00000,0.11928,0.85021,1.00000
0.00000,0.00000,0.00000,0.00000,0.00000,0.26035,0.00000,0.00000,0.00000,0.00000,0.00000,0.50000,0.00000,0.50000,0.00000,0.50000,-0.93750,0.00000,0.00000,-0.60000,0.00000,0.00000,-1.00000,0.00000,0.00000,-0.60000,-0.23070,0.59017,0.83541,0.08391,0.47094,1.00000
0.00000,0.00000,0.00000,0.00000,0.00000,0.00000,0.00000,0.00000,0.00000,0.00000,0.00000,0.50000,0.00000,0.50000,0.00000,0.50000,-0.93750,0.00000,0.00000,-0.60000,0.00000,0.00000,-1.00000,0.00000,0.00000,-0.60000,-0.23070,0.00000,0.26660,0.05158,0.50567,1.00000
0.00000,0.00000,0.00000,0.00000,0.00000,0.42822,0.00000,0.00000,0.00000,0.00000,0.00000,0.50000,0.00000,0.50000,0.00000,0.50000,-0.93750,0.00000,0.00000,-0.60000,0.00000,0.00000,-1.00000,0.00000,0.00000,-0.60000,-0.23070,0.59865,0.86818,0.42391,0.30405,1.00000
0.59152,0.00000,0.00000,0.00000,0.00000,0.00000,0.00000,1.00000,0.00000,1.00000,0.40848,0.44955,0.00000,0.50000,0.00000,0.50000,-0.93750,0.00000,0.00000,-0.60000,0.00000,0.00000,-1.00000,0.00000,0.00000,-0.60000,-0.23070,0.34047,0.00000,0.16793,0.53949,1.00000
0.00000,0.00000,1.00000,0.04679,0.00000,0.00000,0.00000,0.00000,0.00000,0.00000,0.00000,0.50000,0.00000,0.50000,0.00000,0.50000,-0.93750,0.00000,0.00000,-0.60000,0.00000,0.00000,-1.00000,0.00000,0.00000,-0.60000,-0.23070,0.02028,0.22238,0.00000,0.34327,1.00000
0.00000,0.00000,0.00000,0.00000,0.00000,0.00000,0.00000,0.00000,1.00000,0.07011,0.00000,0.50000,0.00000,0.50000,1.00000,0.62546,0.02629,0.49663,0.00000,-0.60000,0.00000,0.00000,-1.00000,0.00000,0.00000,-0.60000,-0.23070,0.66115,0.03271,0.00000,0.59465,1.00000
0.00000,0.00000,0.00000,0.00000,0.00000,0.00000,0.00000,0.56917,1.00000,0.00000,0.00000,0.50000,0.00000,0.50000,0.00000,0.50000,-0.93750,0.00000,0.00000,-0.60000,0.00000,0.00000,-1.00000,0.00000,0.00000,-0.60000,-0.23070,0.29085,0.00000,0.00000,0.48701,1.00000
0.00000,0.00000,0.00000,0.22077,0.00000,0.00000,1.00000,0.00000,0.00000,0.00000,0.00000,0.50000,0.00000,0.50000,0.00000,0.50000,-0.93750,0.00000,0.00000,-0.60000,0.00000,0.00000,-1.00000,0.00000,0.00000,-0.60000,-0.23070,0.00000,0.54241,0.00000,0.51252,1.00000
1.00000,0.00000,0.00000,0.00000,0.00000,0.00000,0.00000,0.00000,0.00000,0.00000,0.00000,0.50000,0.00000,0.50000,0.00000,0.50000,-0.93750,0.00000,0.00000,-0.60000,0.00000,0.00000,-1.00000,0.00000,0.00000,-0.60000,-0.23070,0.18851,0.00000,0.00000,0.85947,1.00000
0.00000,0.00000,0.00000,0.00000,0.00000,0.92472,0.00000,0.00000,0.00000,0.00000,0.00000,0.50000,0.00000,0.50000,0.92472,0.63871,-0.01278,0.21084,1.00000,0.45805,1.00000,0.47825,0.15561,0.00000,0.00000,-0.60000,-0.23070,0.91455,0.25565,0.00000,0.16256,1.00000
0.00000,0.00000,0.00000,0.00000,0.00000,0.00000,0.00000,0.00000,0.00000,0.00000,0.00000,0.50000,0.00000,0.50000,0.00000,0.50000,-0.93750,0.00000,1.00000,0.69159,0.00000,0.40711,0.51643,0.00000,0.00000,-0.60000,-0.23070,0.35797,0.64559,0.10863,0.40489,1.00000
0.00000,0.00000,0.00000,0.00000,0.00000,0.00000,0.00000,0.00000,0.00000,0.00000,0.67001,0.47434,0.00000,0.50000,0.00000,0.50000,-0.93750,0.00000,0.00000,-0.60000,0.00000,0.00000,-1.00000,1.00000,0.00000,-0.60000,-0.23070,0.06230,0.00000,0.00000,0.24389,1.00000
0.00000,0.00000,0.00000,0.00000,0.00000,0.00000,0.00000,0.00000,0.00000,0.00000,1.00000,0.83629,0.00000,0.50000,0.00000,0.50000,-0.93750,0.00000,0.00000,-0.60000,0.00000,0.00000,-1.00000,0.39190,0.00000,-0.60000,-0.23070,0.02702,0.00000,0.00871,0.23135,1.00000
0.64802,0.00000,0.00000,0.00000,0.00000,0.00000,0.00000,0.00000,0.00000,0.64802,0.00000,0.50000,0.00000,0.50000,0.00000,0.50000,-0.93750,0.00000,0.00000,-0.60000,0.00000,0.00000,-1.00000,1.00000,0.00000,-0.60000,-0.23070,0.00000,0.12513,0.00000,0.18385,1.00000
0.00000,0.59260,0.00000,0.00000,0.00000,0.00000,0.00000,0.00000,1.00000,0.00000,1.00000,0.51955,0.40740,0.60780,0.00000,0.50000,-0.93750,0.00000,0.00000,-0.60000,0.00000,0.00000,-1.00000,0.00000,0.00000,-0.60000,-0.23070,0.06541,0.81985,0.00000,0.16025,1.00000
0.00000,0.00000,0.00000,0.00000,0.00000,0.00000,0.35549,0.00000,0.00000,0.00000,0.00000,0.50000,0.00000,0.50000,0.00000,0.50000,-0.93750,0.00000,0.00000,-0.60000,0.00000,0.00000,-1.00000,0.00000,0.00000,-0.60000,-0.23070,0.03555,0.00000,0.00000,0.12149,1.00000
0.00000,0.00000,0.00000,0.00000,0.00000,0.00000,0.00000,0.00000,0.00000,0.00000,0.00000,0.50000,0.00000,0.50000,0.00000,0.50000,-0.93750,0.00000,0.00000,-0.60000,0.00000,0.00000,-1.00000,1.00000,0.00000,-0.60000,-0.23070,0.00000,0.36810,0.00000,0.66472,1.00000
0.00000,0.00000,0.16471,0.00000,0.00000,0.00000,0.00000,0.00000,0.00000,0.00000,0.16471,0.48254,0.00000,0.50000,0.00000,0.50000,-0.93750,0.00000,1.00000,0.56393,0.16471,0.45255,0.08667,0.00000,0.00000,-0.60000,-0.23070,0.68487,0.48246,0.20414,0.18043,1.00000
0.00000,0.00000,0.00000,0.00000,0.00000,0.00000,0.00000,0.00000,0.00000,0.00000,0.00000,0.50000,0.00000,0.50000,0.00000,0.50000,-0.93750,0.00000,0.00000,-0.60000,0.00000,0.00000,-1.00000,0.00000,0.00000,-0.60000,-0.23070,0.74070,0.25627,0.00000,0.24229,1.00000
0.00000,0.00000,0.00000,0.00000,0.00000,0.00000,0.00000,0.00000,0.00000,0.00000,0.00000,0.50000,0.00000,0.50000,0.00000,0.50000,-0.93750,0.00000,0.00000,-0.60000,0.00000,0.00000,-1.00000,0.00000,0.00000,-0.60000,-0.23070,0.00000,0.00000,0.00000,0.43231,1.00000
1.00000,0.00000,0.00000,0.00000,0.00000,0.00000,0.00000,0.00000,0.00000,0.00000,0.00000,0.50000,0.00000,0.50000,0.00000,0.50000,-0.93750,0.00000,0.00000,-0.60000,0.00000,0.00000,-1.00000,0.00000,0.00000,-0.60000,-0.23070,0.62046,0.00000,0.00000,0.24102,1.00000
0.00000,0.00000,0.00000,0.00000,0.00000,0.00000,0.00000,0.15404,0.00000,0.00000,0.00000,0.50000,0.00000,0.50000,0.00000,0.50000,-0.93750,0.00000,1.00000,0.77873,0.00000,0.37566,0.77204,0.00000,0.00000,-0.60000,-0.23070,0.09399,0.59217,0.00000,0.59290,1.00000
0.00000,0.00000,0.00000,0.00000,0.00000,0.00000,0.00000,0.00000,0.00000,0.00000,0.00000,0.50000,0.00000,0.50000,0.00000,0.50000,-0.93750,0.00000,0.00000,-0.60000,0.00000,0.00000,-1.00000,0.00000,0.00000,-0.60000,-0.23070,0.00000,0.00000,0.00000,0.30100,1.00000
0.00000,0.00000,0.00000,0.00000,0.00000,0.00000,1.00000,0.00000,0.00000,0.00000,0.00000,0.50000,0.00000,0.50000,0.00000,0.50000,-0.93750,0.00000,0.00000,-0.60000,0.00000,0.00000,-1.00000,0.00000,0.00000,-0.60000,-0.23070,0.13751,0.06385,0.16880,0.60809,1.00000
0.00000,0.00000,0.00000,0.00000,0.00000,0.00000,0.00000,0.00000,0.00000,0.00000,0.00000,0.50000,0.00000,0.50000,0.00000,0.50000,-0.93750,0.00000,1.00000,0.17034,0.00000,0.23040,0.61478,0.00000,0.00000,-0.60000,-0.23070,0.84383,0.10413,0.00000,0.22292,1.00000
0.00000,0.00000,0.00000,0.50810,0.00000,0.00000,0.00000,0.00000,0.00000,0.00000,1.00000,0.79667,0.00000,0.50000,0.00000,0.50000,-0.93750,0.00000,0.00000,-0.60000,0.00000,0.00000,-1.00000,0.00000,0.00000,-0.60000,-0.23070,0.18632,0.12573,0.00000,0.36413,1.00000
0.00000,0.00000,0.00000,0.00000,0.00000,0.00000,0.00000,0.00000,0.00000,0.00000,0.00000,0.50000,0.00000,0.50000,0.00000,0.50000,-0.93750,0.00000,0.00000,-0.60000,0.00000,0.00000,-1.00000,0.00000,0.00000,-0.60000,-0.23070,0.00000,0.00000,0.00000,0.31908,1.00000
0.00000,0.00000,0.00000,1.00000,0.00000,1.00000,0.00000,0.00000,0.55487,0.00000,0.00000,0.50000,0.00000,0.50000,0.00000,0.50000,-0.93750,0.00000,0.00000,-0.60000,0.00000,0.00000,-1.00000,0.00000,0.00000,-0.60000,-0.23070,0.31159,0.00000,0.00000,0.57526,1.00000
0.00000,0.00000,0.00000,0.00000,0.00000,0.00000,0.00000,0.00000,0.00000,0.00000,0.00000,0.50000,0.00000,0.50000,0.00000,0.50000,-0.93750,0.00000,0.00000,-0.60000,0.00000,0.00000,-1.00000,0.00000,0.00000,-0.60000,-0.23070,0.00000,0.02647,0.00000,0.44281,1.00000
0.00000,0.00000,0.00000,0.48787,0.00000,0.00000,0.00000,0.00000,0.00000,0.00000,0.00000,0.50000,1.00000,0.34382,0.00000,0.50000,-0.93750,0.00000,0.00000,-0.60000,0.00000,0.00000,-1.00000,0.00000,0.00000,-0.60000,-0.23070,0.00000,0.26170,0.00000,0.90432,1.00000
0.00000,0.00000,0.00000,0.00000,0.00000,0.00000,0.00000,0.00000,0.00000,0.00000,0.00000,0.50000,0.00000,0.50000,0.00000,0.50000,-0.93750,0.00000,0.00000,-0.60000,0.00000,0.00000,-1.00000,0.00000,0.00000,-0.60000,-0.23070,0.30692,0.36348,0.39394,0.04923,1.00000
0.00000,0.00000,0.00000,0.00000,0.00000,0.00000,0.00000,0.00000,0.66366,0.00000,0.00000,0.50000,0.00000,0.50000,0.00000,0.50000,-0.93750,0.00000,0.00000,-0.60000,0.00000,0.00000,-1.00000,0.00000,0.00000,-0.60000,-0.23070,0.00000,0.00000,0.04110,0.79900,1.00000
0.00000,0.00000,0.00000,1.00000,0.00000,0.00000,0.00000,0.00000,0.00000,0.00000,0.00000,0.50000,0.00000,0.50000,0.00000,0.50000,-0.93750,0.00000,0.00000,-0.60000,0.00000,0.00000,-1.00000,1.00000,0.00000,-0.60000,-0.23070,0.00000,0.47352,0.22081,0.90906,1.00000
0.00000,0.00000,0.00000,0.00000,0.00000,0.00000,0.00000,0.00000,0.72586,0.00000,0.72586,0.28224,0.00000,0.50000,0.00000,0.50000,-0.93750,0.00000,0.00000,-0.60000,0.00000,0.00000,-1.00000,0.00000,0.00000,-0.60000,-0.23070,0.19693,0.00000,0.42494,0.95276,1.00000
0.00000,0.00000,0.00000,0.00000,0.00000,0.00000,0.00000,0.00000,0.71643,0.00000,1.00000,0.80654,0.00000,0.50000,0.00000,0.50000,-0.93750,0.00000,0.00000,-0.60000,0.00000,0.00000,-1.00000,0.00000,0.00000,-0.60000,-0.23070,0.12599,0.00000,0.00000,0.60570,1.00000
0.00000,0.38801,0.00000,0.00000,0.00000,0.00000,0.00000,0.61199,0.00000,0.00000,0.00000,0.50000,0.00000,0.50000,0.00000,0.50000,-0.93750,0.00000,1.00000,0.86389,1.00000,0.31663,0.43622,0.00000,1.00000,0.00000,0.43605,0.47613,0.00000,0.09516,0.65806,1.00000
0.00000,0.00000,1.00000,0.00000,0.00000,0.00000,0.00000,0.00000,0.68998,0.00000,0.68998,0.34165,0.00000,0.50000,0.00000,0.50000,-0.93750,0.00000,0.00000,-0.60000,0.00000,0.00000,-1.00000,0.00000,0.00000,-0.60000,-0.23070,0.00000,0.56290,0.00000,0.55572,1.00000
0.00000,0.00000,0.00000,0.00000,0.00000,0.00000,0.00000,0.00000,0.37345,0.00000,0.00000,0.50000,0.00000,0.50000,1.00000,0.46472,0.11748,0.40042,0.00000,-0.60000,0.00000,0.00000,-1.00000,0.00000,0.00000,-0.60000,-0.23070,0.26552,0.37593,0.00000,0.31270,1.00000
0.00000,0.00000,0.03559,0.00000,0.00000,0.00000,0.00000,0.00000,0.00000,0.00000,0.00000,0.50000,0.03559,0.50565,0.00000,0.50000,-0.93750,0.00000,1.00000,0.61507,0.00000,0.50475,0.05018,0.00000,0.00000,-0.60000,-0.23070,0.64278,0.58708,0.23570,0.17459,1.00000
0.00000,1.00000,0.00000,0.00000,0.00000,0.00000,0.00000,0.00000,0.00000,0.00000,0.00000,0.50000,0.00000,0.50000,0.00000,0.50000,-0.93750,0.00000,0.00000,-0.60000,0.00000,0.00000,-1.00000,0.00000,0.00000,-0.60000,-0.23070,0.29009,0.00000,0.19038,0.92310,1.00000
0.00000,0.00000,0.42457,0.00000,0.00000,0.00000,0.00000,0.00000,0.00000,0.00000,0.00000,0.50000,0.00000,0.50000,0.00000,0.50000,-0.93750,0.00000,0.00000,-0.60000,0.00000,0.00000,-1.00000,0.00000,1.00000,0.53965,0.92300,0.00000,0.00000,0.00000,0.32111,1.00000
0.00000,0.00000,0.00000,0.00000,0.00000,0.00000,1.00000,0.00000,0.00000,0.00000,0.00000,0.50000,0.00000,0.50000,0.00000,0.50000,-0.93750,0.00000,0.00000,-0.60000,0.00000,0.00000,-1.00000,0.00000,0.00000,-0.60000,-0.23070,0.09714,0.01620,0.00000,0.12561,1.00000
0.00000,0.00000,0.00000,0.00000,0.00000,0.40453,0.00000,0.00000,0.00000,0.00000,0.00000,0.50000,0.00000,0.50000,1.00000,0.32601,0.28580,0.45333,1.00000,0.65436,1.00000,0.22664,0.32371,0.00000,0.00000,-0.60000,-0.23070,0.40008,0.08989,0.00000,0.62005,1.00000
0.00000,0.00000,0.00000,0.00000,0.00000,0.00000,0.00000,1.00000,0.00000,0.00000,0.00000,0.50000,0.00000,0.50000,0.00000,0.50000,-0.93750,0.00000,0.00000,-0.60000,0.00000,0.00000,-1.00000,0.00000,0.00000,-0.60000,-0.23070,0.00000,0.13205,0.02724,0.57168,1.00000
0.00000,0.80733,0.19267,0.00000,0.00000,0.00000,0.00000,0.00000,1.00000,0.00000,1.00000,0.37973,0.00000,0.50000,0.00000,0.50000,-0.93750,0.00000,0.00000,-0.60000,0.00000,0.00000,-1.00000,0.00000,0.00000,-0.60000,-0.23070,0.00897,0.80990,0.00000,0.19063,1.00000
0.00000,0.00000,0.00000,0.00000,0.00000,0.00000,0.00000,0.00000,0.00000,0.00000,0.00000,0.50000,0.00000,0.50000,0.00000,0.50000,-0.93750,0.00000,0.00000,-0.60000,0.00000,0.00000,-1.00000,0.00000,0.00000,-0.60000,-0.23070,0.09521,0.00000,0.14459,0.82298,1.00000
0.00000,0.00000,0.00000,0.00000,0.00000,0.00000,0.00000,0.00000,0.00000,0.00000,0.00000,0.50000,0.00000,0.50000,0.00000,0.50000,-0.93750,0.00000,0.00000,-0.60000,0.00000,0.00000,-1.00000,0.00000,0.00000,-0.60000,-0.23070,0.80687,0.00000,0.02840,0.54592,1.00000
0.00000,0.00000,0.00000,0.00000,0.00000,0.00000,0.00000,0.00000,0.00000,0.00000,0.00000,0.50000,0.00000,0.50000,0.00000,0.50000,-0.93750,0.00000,0.00000,-0.60000,0.00000,0.00000,-1.00000,0.00000,0.00000,-0.60000,-0.23070,0.00000,0.21227,0.16682,0.44569,1.00000
0.00000,0.00000,0.00000,0.00000,0.00000,0.00000,0.00000,0.00000,0.00000,0.00000,0.00000,0.50000,0.00000,0.50000,0.00000,0.50000,-0.93750,0.00000,0.00000,-0.60000,0.00000,0.00000,-1.00000,0.00000,0.00000,-0.60000,-0.23070,0.65414,0.00000,0.07738,0.25031,1.00000
0.00000,0.00000,0.00000,0.00000,0.00000,0.00000,0.00000,0.00000,0.00000,0.00000,0.00000,0.50000,0.00000,0.50000,0.00000,0.50000,-0.93750,0.00000,0.00000,-0.60000,0.00000,0.00000,-1.00000,0.00000,0.00000,-0.60000,-0.23070,0.11306,0.00000,0.00000,0.59222,1.00000
0.00000,0.71292,1.00000,1.00000,0.00000,0.00000,0.00000,0.00000,0.00000,0.00000,0.00000,0.50000,0.28708,0.60392,0.00000,0.50000,-0.93750,0.00000,0.00000,-0.60000,0.00000,0.00000,-1.00000,1.00000,0.00000,-0.60000,-0.23070,0.00000,0.00000,0.00000,0.60179,1.00000
0.00000,0.00000,0.00000,0.00000,0.00000,0.00000,0.00000,0.00000,0.00000,0.00000,0.00000,0.50000,0.00000,0.50000,0.00000,0.50000,-0.93750,0.00000,0.68333,-0.18466,0.00000,0.15484,-0.02304,0.00000,1.00000,0.93667,0.25890,0.46278,0.00000,0.00000,0.05216,1.00000
0.00000,0.00000,1.00000,0.63105,0.00000,0.00000,0.00000,0.00000,0.00000,0.00000,0.00000,0.50000,0.00000,0.50000,0.00000,0.50000,-0.93750,0.00000,0.00000,-0.60000,0.00000,0.00000,-1.00000,0.00000,0.00000,-0.60000,-0.23070,0.00000,0.08608,0.00000,0.16974,1.00000
0.00000,0.00000,0.00000,0.00000,0.00000,0.00000,0.00000,0.00000,0.00000,0.00000,0.00000,0.50000,0.00000,0.50000,0.00000,0.50000,-0.93750,0.00000,0.00000,-0.60000,0.00000,0.00000,-1.00000,0.00000,0.00000,-0.60000,-0.23070,0.39034,0.65154,0.32152,0.05196,1.00000
0.00000,0.00000,0.24011,0.00000,0.00000,0.75989,0.00000,0.00000,0.00000,0.00000,0.00000,0.50000,0.00000,0.50000,1.00000,0.64741,0.62747,0.24542,1.00000,0.14564,0.24011,0.91633,0.14534,0.00000,0.00000,-0.60000,-0.23070,0.68390,0.01067,0.00000,0.89573,1.00000
0.00000,0.00000,0.00000,0.00000,0.00000,0.00000,0.00000,0.00000,0.00000,0.00000,0.00000,0.50000,0.00000,0.50000,0.00000,0.50000,-0.93750,0.00000,0.00000,-0.60000,0.00000,0.00000,-1.00000,0.00000,0.00000,-0.60000,-0.23070,0.00000,0.00000,0.00000,0.30528,1.00000
0.00000,0.00000,0.83723,0.00000,0.83723,1.00000,0.00000,0.00000,0.00000,0.00000,0.00000,0.50000,0.00000,0.50000,0.00000,0.50000,-0.93750,0.00000,0.00000,-0.60000,0.00000,0.00000,-1.00000,0.00000,0.00000,-0.60000,-0.23070,0.00000,0.00000,0.04339,0.07247,1.00000
0.12281,0.00000,0.00000,0.00000,1.00000,0.00000,0.00000,0.00000,0.00000,0.00000,0.00000,0.50000,0.00000,0.50000,0.00000,0.50000,-0.93750,0.00000,0.00000,-0.60000,0.00000,0.00000,-1.00000,0.00000,0.00000,-0.60000,-0.23070,0.09746,0.00000,0.00000,0.89140,1.00000
0.00000,0.00000,0.00000,0.00000,0.00000,0.00000,0.00000,0.00000,0.03788,0.00000,0.00000,0.50000,0.00000,0.50000,1.00000,0.75569,0.30066,0.73855,0.00000,-0.60000,0.00000,0.00000,-1.00000,0.00000,0.00000,-0.60000,-0.23070,0.42246,0.78028,0.00000,0.40364,1.00000
0.00000,1.00000,0.00000,0.00000,0.00000,0.00000,0.00000,0.00000,0.00000,0.00000,0.00000,0.50000,0.00000,0.50000,0.00000,0.50000,-0.93750,0.00000,0.00000,-0.60000,0.00000,0.00000,-1.00000,0.89656,0.00000,-0.60000,-0.23070,0.84400,0.09961,0.00000,0.08107,1.00000
0.00000,0.00000,0.00000,0.64325,0.00000,0.00000,1.00000,0.00000,0.00000,0.00000,0.00000,0.50000,0.00000,0.50000,0.00000,0.50000,-0.93750,0.00000,0.00000,-0.60000,0.00000,0.00000,-1.00000,0.00000,0.00000,-0.60000,-0.23070,0.39322,0.51283,0.14666,0.15513,1.00000
0.00000,0.00000,0.00000,0.00000,0.00000,0.00000,0.00000,0.00000,0.00000,0.00000,0.00000,0.50000,0.00000,0.50000,1.00000,0.42452,0.92470,0.02420,0.00000,-0.60000,0.00000,0.00000,-1.00000,0.00000,0.00000,-0.60000,-0.23070,0.48713,0.70376,0.00000,0.39576,1.00000
0.00000,0.00000,0.00000,0.00000,0.00000,0.00000,0.00000,0.00000,0.00000,0.00000,0.00000,0.50000,0.00000,0.50000,0.00000,0.50000,-0.93750,0.00000,1.00000,0.35528,0.00000,0.51649,0.74306,0.00000,0.00000,-0.60000,-0.23070,0.35972,0.44965,0.00000,0.55628,1.00000
0.00000,0.00000,0.00000,0.00000,0.00000,0.00000,0.64523,0.00000,0.35477,0.64523,0.00000,0.50000,0.00000,0.50000,1.00000,0.78134,0.16131,0.37514,0.00000,-0.60000,0.00000,0.00000,-1.00000,0.00000,0.00000,-0.60000,-0.23070,0.78281,0.00000,0.30106,0.64546,1.00000
0.00000,0.00000,0.00000,0.00000,0.33946,0.00000,0.00000,0.00000,0.33946,0.00000,0.00000,0.50000,0.00000,0.50000,0.00000,0.50000,-0.93750,0.00000,0.00000,-0.60000,0.00000,0.00000,-1.00000,1.00000,0.00000,-0.60000,-0.23070,0.05655,0.00000,0.00000,0.28871,1.00000
0.00000,0.00000,0.00000,0.00000,0.00000,0.00000,0.00000,0.00000,0.00000,0.00000,0.00000,0.50000,0.00000,0.50000,0.00000,0.50000,-0.93750,0.00000,0.00000,-0.60000,0.00000,0.00000,-1.00000,0.00000,0.00000,-0.60000,-0.23070,0.00000,0.00000,0.00000,0.25018,1.00000
0.00000,0.00000,0.00000,1.00000,0.00000,0.00000,0.00000,0.00000,0.00000,0.00000,0.00000,0.50000,0.00000,0.50000,0.00000,0.50000,-0.93750,0.00000,0.00000,-0.60000,0.00000,0.00000,-1.00000,0.00000,0.00000,-0.60000,-0.23070,0.29727,0.00000,0.00000,0.72831,1.00000
0.00000,0.00000,0.00000,0.00000,0.00000,0.00000,0.00000,0.00000,0.00000,0.00000,0.00000,0.50000,0.00000,0.50000,0.00000,0.50000,-0.93750,0.00000,1.00000,0.70760,0.07862,0.30126,0.90516,0.00000,0.00000,-0.60000,-0.23070,0.10237,0.67641,0.01135,0.57279,1.00000
0.00000,0.32975,0.00000,0.32975,0.00000,0.00000,0.00000,0.00000,0.00000,0.00000,0.00000,0.50000,0.00000,0.50000,1.00000,0.70261,0.52195,0.91140,0.00000,-0.60000,0.00000,0.00000,-1.00000,0.00000,0.00000,-0.60000,-0.23070,0.00000,0.00000,0.14651,0.53606,1.00000
0.00000,0.00000,0.00000,0.00000,0.00000,0.00000,0.00000,0.00000,0.00000,0.00000,0.00000,0.50000,0.00000,0.50000,0.00000,0.50000,-0.93750,0.00000,0.00000,-0.60000,0.00000,0.00000,-1.00000,0.00000,0.00000,-0.60000,-0.23070,0.21574,0.02832,0.00000,0.64448,1.00000
0.00000,0.00000,0.92787,0.00000,0.07213,0.00000,0.00000,0.00000,0.00000,0.00000,0.00000,0.50000,0.07213,0.49639,0.00000,0.50000,-0.93750,0.00000,1.00000,0.90895,1.00000,0.45987,0.30985,0.00000,0.00000,-0.60000,-0.23070,0.34025,0.73209,0.00000,0.49643,1.00000
0.00000,0.00000,0.00000,0.00000,0.00000,0.00000,0.00000,0.00000,0.00000,0.00000,1.00000,0.77020,0.00000,0.50000,0.00000,0.50000,-0.93750,0.00000,0.00000,-0.60000,0.00000,0.00000,-1.00000,0.00000,0.00000,-0.60000,-0.23070,0.25398,0.00000,0.00000,0.11471,1.00000
0.00000,0.00000,0.00000,0.00000,0.00000,0.00000,0.44626,0.00000,0.00000,0.44626,0.44626,0.57082,0.00000,0.50000,0.00000,0.50000,-0.93750,0.00000,1.00000,0.11946,0.44626,0.48641,0.35212,0.00000,0.00000,-0.60000,-0.23070,0.83930,0.31729,0.00000,0.16041,1.00000
0.00000,0.00000,0.00000,0.00000,0.00000,0.00000,0.00000,0.00000,0.00000,0.00000,0.00000,0.50000,0.00000,0.50000,0.00000,0.50000,-0.93750,0.00000,0.00000,-0.60000,0.00000,0.00000,-1.00000,0.00000,0.00000,-0.60000,-0.23070,0.04669,0.00000,0.00000,0.58970,1.00000
0.00000,0.00000,0.00000,0.00000,0.00000,0.00000,0.00000,0.00000,0.00000,0.00000,0.00000,0.50000,0.00000,0.50000,0.00000,0.50000,-0.93750,0.00000,0.00000,-0.60000,0.00000,0.00000,-1.00000,0.00000,0.00000,-0.60000,-0.23070,0.22384,0.02878,0.00000,0.60278,1.00000
0.00000,0.00000,0.00000,0.00000,0.00000,0.00000,0.00000,0.00000,0.00000,0.00000,0.00000,0.50000,0.00000,0.50000,0.00000,0.50000,-0.93750,0.00000,0.00000,-0.60000,0.00000,0.00000,-1.00000,0.00000,0.00000,-0.60000,-0.23070,0.60423,0.13113,0.19404,0.65419,1.00000
0.00000,0.00000,0.00000,0.00000,0.00000,0.00000,0.00000,0.00000,0.00000,0.00000,0.00000,0.50000,0.00000,0.50000,0.00000,0.50000,-0.93750,0.00000,0.00000,-0.60000,0.00000,0.00000,-1.00000,0.00000,0.00000,-0.60000,-0.23070,0.00000,0.00000,0.00000,0.31678,1.00000
0.00000,0.00000,0.00000,0.00000,0.00000,0.00000,0.00000,0.00000,0.17148,0.00000,0.00000,0.50000,0.00000,0.50000,0.00000,0.50000,-0.93750,0.00000,0.00000,-0.60000,0.00000,0.00000,-1.00000,0.00000,0.00000,-0.60000,-0.23070,0.00000,0.00000,0.07050,0.59802,1.00000
0.00000,1.00000,0.00000,0.00000,0.00000,0.00000,0.00000,0.22331,0.22331,0.00000,0.00000,0.50000,0.00000,0.50000,0.00000,0.50000,-0.93750,0.00000,0.00000,-0.60000,0.00000,0.00000,-1.00000,0.00000,0.00000,-0.60000,-0.23070,0.24155,0.33886,0.00000,0.81090,1.00000
0.00000,0.00000,0.00000,0.00000,0.00000,0.00000,0.00000,0.00000,0.00000,0.00000,0.00000,0.50000,0.00000,0.50000,0.00000,0.50000,-0.93750,0.00000,0.00000,-0.60000,0.00000,0.00000,-1.00000,0.00000,0.00000,-0.60000,-0.23070,0.00000,0.04323,0.00000,0.33900,1.00000
0.00000,0.00000,0.00000,0.00000,0.00000,0.00000,0.00000,0.00000,0.37907,0.00000,0.37907,0.38628,0.00000,0.50000,0.00000,0.50000,-0.93750,0.00000,0.00000,-0.60000,0.00000,0.00000,-1.00000,0.00000,0.00000,-0.60000,-0.23070,0.19305,0.00000,0.30151,0.90906,1.00000
0.00000,0.00000,0.93503,0.00000,0.00000,0.00000,0.06497,0.00000,0.00000,0.06497,0.06497,0.51031,0.00000,0.50000,0.00000,0.50000,-0.93750,0.00000,1.00000,0.87025,1.00000,0.47999,0.27175,0.00000,0.00000,-0.60000,-0.23070,0.39342,0.78393,0.00000,0.50352,1.00000
0.00000,0.00000,0.00000,0.00000,0.00000,0.00000,0.00000,0.00000,0.00000,0.00000,0.00000,0.50000,0.00000,0.50000,0.00000,0.50000,-0.93750,0.00000,0.00000,-0.60000,0.00000,0.00000,-1.00000,0.00000,0.00000,-0.60000,-0.23070,0.00000,0.00000,0.00000,0.31171,1.00000
0.00000,0.00000,0.00000,0.00000,0.00000,0.98771,0.00000,0.00000,0.00000,0.00000,1.00000,0.23982,1.00000,0.69118,0.00000,0.50000,-0.93750,0.00000,0.00000,-0.60000,0.00000,0.00000,-1.00000,0.00000,0.00000,-0.60000,-0.23070,0.00000,0.01575,0.00000,0.68812,1.00000
0.00000,0.00000,0.00000,0.00000,0.00000,0.00000,0.00000,0.00000,0.00000,0.00000,0.00000,0.50000,1.00000,0.40754,0.00000,0.50000,-0.93750,0.00000,0.00000,-0.60000,0.00000,0.00000,-1.00000,0.00000,0.00000,-0.60000,-0.23070,0.00000,0.38710,0.00000,0.18572,1.00000
0.00000,0.00000,0.00000,0.00000,0.00000,0.00000,0.00000,0.00000,0.75681,0.00000,0.00000,0.50000,0.00000,0.50000,0.00000,0.50000,-0.93750,0.00000,0.00000,-0.60000,0.00000,0.00000,-1.00000,0.00000,0.00000,-0.60000,-0.23070,0.00000,0.00000,0.00000,0.79736,1.00000
0.00000,0.00000,0.00000,0.00000,0.00000,0.00000,0.00000,0.00000,0.90500,0.00000,0.00000,0.50000,0.00000,0.50000,1.00000,0.59293,0.01188,0.49897,0.00000,-0.60000,0.00000,0.00000,-1.00000,0.00000,0.00000,-0.60000,-0.23070,0.64345,0.03696,0.00000,0.62146,1.00000
0.00000,0.00000,0.00000,0.00000,0.00000,0.00000,0.00000,0.00000,0.00000,0.00000,0.00000,0.50000,0.00000,0.50000,0.00000,0.50000,-0.93750,0.00000,1.00000,0.63281,0.00000,0.43261,0.08141,0.21679,0.00000,-0.60000,-0.23070,0.52201,0.45238,0.19142,0.31177,1.00000
0.00000,0.00000,0.00000,0.00000,0.00000,0.00000,0.00000,0.00000,0.00000,0.00000,0.00000,0.50000,0.00000,0.50000,0.00000,0.50000,-0.93750,0.00000,0.00000,-0.60000,0.00000,0.00000,-1.00000,0.00000,0.00000,-0.60000,-0.23070,0.70704,0.00000,0.01853,0.26695,1.00000
0.00000,0.00000,0.00000,0.00000,0.00000,0.00000,0.00000,0.00000,0.00000,0.00000,0.00000,0.50000,0.00000,0.50000,1.00000,0.48187,0.48413,0.39483,0.00000,-0.60000,0.00000,0.00000,-1.00000,0.00000,0.00000,-0.60000,-0.23070,0.11296,0.23615,0.00000,0.77820,1.00000
0.00000,0.00560,0.00000,0.00000,0.00000,0.00000,0.00000,0.00000,0.00000,0.00000,0.00000,0.50000,0.00000,0.50000,0.00000,0.50000,-0.93750,0.00000,0.00000,-0.60000,0.00000,0.00000,-1.00000,0.00000,0.00000,-0.60000,-0.23070,0.25591,0.10068,0.00000,0.77059,1.00000
0.00000,0.00000,0.00000,0.00000,0.00000,0.00000,0.00000,0.00000,0.00000,0.00000,0.00000,0.50000,0.00000,0.50000,0.00000,0.50000,-0.93750,0.00000,0.00000,-0.60000,0.00000,0.00000,-1.00000,0.00000,0.00000,-0.60000,-0.23070,0.08757,0.00000,0.00000,0.28007,1.00000
0.00000,0.00000,0.00000,0.00000,0.00000,0.00000,0.25129,0.00000,0.00000,0.00000,1.00000,0.71497,0.00000,0.50000,0.00000,0.50000,-0.93750,0.00000,0.00000,-0.60000,0.00000,0.00000,-1.00000,0.00000,0.00000,-0.60000,-0.23070,0.54210,0.00000,0.00000,0.23879,1.00000
0.00000,0.00000,0.00000,0.00000,0.00000,0.00000,0.00000,0.00000,0.00000,0.00000,0.00000,0.50000,0.62031,0.25917,0.00000,0.50000,-0.93750,0.00000,0.00000,-0.60000,0.00000,0.00000,-1.00000,0.00000,0.00000,-0.60000,-0.23070,0.85502,0.72509,0.00000,0.66491,1.00000
0.00000,0.00000,0.00000,0.00000,0.00000,0.00000,0.00000,0.00000,0.00000,0.00000,0.00000,0.50000,0.00000,0.50000,1.00000,0.65163,0.53600,0.82989,0.00000,-0.60000,0.00000,0.00000,-1.00000,0.00000,0.00000,-0.60000,-0.23070,0.16050,0.00000,0.05423,0.59097,1.00000
0.00000,0.00000,0.00000,0.00000,0.00000,0.58163,0.00000,0.00000,0.00000,0.00000,0.00000,0.50000,0.00000,0.50000,0.00000,0.50000,-0.93750,0.00000,0.00000,-0.60000,0.00000,0.00000,-1.00000,1.00000,0.00000,-0.60000,-0.23070,0.00000,0.29088,0.00000,0.45961,1.00000
0.00000,0.00000,0.00000,0.00000,1.00000,0.00000,0.00000,0.00000,0.87545,0.00000,0.00000,0.50000,0.00000,0.50000,0.00000,0.50000,-0.93750,0.00000,0.00000,-0.60000,0.00000,0.00000,-1.00000,1.00000,0.00000,-0.60000,-0.23070,0.14585,0.00000,0.00000,0.53485,1.00000
0.00000,0.00000,0.00000,0.00000,0.00000,0.00000,0.00000,0.00000,0.00000,0.00000,0.00000,0.50000,0.00000,0.50000,0.00000,0.50000,-0.93750,0.00000,0.00000,-0.60000,0.00000,0.00000,-1.00000,0.00000,0.00000,-0.60000,-0.23070,0.01388,0.00000,0.06591,0.11685,1.00000
0.00000,0.00000,0.00000,0.00000,0.00000,0.00000,0.00000,0.20579,0.00000,0.00000,0.00000,0.50000,0.00000,0.50000,0.00000,0.50000,-0.93750,0.00000,1.00000,0.68912,0.00000,0.54937,0.04709,0.00000,0.00000,-0.60000,-0.23070,0.52934,0.45873,0.19410,0.26525,1.00000
0.00000,0.00000,0.00000,0.00000,0.00000,0.00000,0.00000,0.00000,0.00000,0.00000,0.00000,0.50000,0.00000,0.50000,0.00000,0.50000,-0.93750,0.00000,0.00000,-0.60000,0.00000,0.00000,-1.00000,0.00000,1.00000,0.68114,0.58619,0.00000,0.00000,0.00000,0.46196,1.00000
0.00000,0.00000,0.00000,0.54485,0.54485,0.00000,0.00000,0.45515,0.00000,0.00000,0.00000,0.50000,0.00000,0.50000,0.00000,0.50000,-0.93750,0.00000,1.00000,0.78980,0.45515,0.28896,0.38144,0.00000,1.00000,0.10897,0.61500,0.40253,0.30277,0.07078,0.63482,1.00000
0.07885,0.00000,0.00000,0.00000,0.00000,0.00000,0.07885,0.00000,0.00000,0.00000,0.00000,0.50000,0.00000,0.50000,0.00000,0.50000,-0.93750,0.00000,0.00000,-0.60000,0.00000,0.00000,-1.00000,0.00000,1.00000,0.61577,0.44927,0.00000,0.00000,0.00000,0.66616,1.00000
1.00000,0.00000,0.00000,0.00000,0.00000,0.00000,0.00000,0.00000,0.00000,0.00000,0.00000,0.50000,0.00000,0.50000,0.00000,0.50000,-0.93750,0.00000,0.00000,-0.60000,0.00000,0.00000,-1.00000,0.00000,0.00000,-0.60000,-0.23070,0.39115,0.00000,0.00000,0.32490,1.00000
1.00000,0.00000,0.00000,0.00000,0.00000,0.00000,0.00000,0.00000,0.00000,0.00000,0.00000,0.50000,0.00000,0.50000,0.00000,0.50000,-0.93750,0.00000,0.00000,-0.60000,0.00000,0.00000,-1.00000,0.00000,0.00000,-0.60000,-0.23070,0.00000,0.00000,0.00000,0.93262,1.00000
0.00000,0.00000,0.00000,0.20782,0.00000,0.00000,1.00000,0.00000,0.00000,0.00000,0.00000,0.50000,0.00000,0.50000,0.00000,0.50000,-0.93750,0.00000,0.00000,-0.60000,0.00000,0.00000,-1.00000,0.00000,0.00000,-0.60000,-0.23070,0.07922,0.00000,0.01616,0.19691,1.00000
0.00000,0.00000,0.00000,0.00000,0.00000,0.00000,0.00000,0.00000,0.00000,0.00000,0.21982,0.59703,1.00000,0.59559,0.00000,0.50000,-0.93750,0.00000,0.00000,-0.60000,0.00000,0.00000,-1.00000,0.00000,0.00000,-0.60000,-0.23070,0.15146,0.80912,0.00000,0.10897,1.00000
0.00000,0.00000,0.00000,0.00000,0.00000,0.00000,0.00000,0.00000,0.00000,0.00000,0.00000,0.50000,0.00000,0.50000,0.00000,0.50000,-0.93750,0.00000,0.00000,-0.60000,0.00000,0.00000,-1.00000,0.00000,0.00000,-0.60000,-0.23070,0.00000,0.00000,0.00000,0.50162,1.00000
0.00000,0.00000,0.00000,0.00000,0.00000,0.00000,0.00000,0.00000,0.00000,0.00000,0.00000,0.50000,1.00000,0.20365,0.00000,0.50000,-0.93750,0.00000,0.00000,-0.60000,0.00000,0.00000,-1.00000,0.00000,0.00000,-0.60000,-0.23070,0.00000,0.49134,0.00000,0.92790,1.00000
0.00000,0.00000,0.00000,0.00000,0.00000,0.00000,0.00000,0.00000,1.00000,0.00000,0.47524,0.34906,0.00000,0.50000,0.00000,0.50000,-0.93750,0.00000,0.00000,-0.60000,0.00000,0.00000,-1.00000,0.00000,0.47524,-0.31486,-0.04797,0.00000,0.00000,0.51133,0.35293,1.00000
0.00000,0.00000,0.00000,0.00000,0.00000,0.00000,0.00000,0.00000,0.00000,0.00000,0.00000,0.50000,0.00000,0.50000,0.00000,0.50000,-0.93750,0.00000,0.00000,-0.60000,0.00000,0.00000,-1.00000,0.00000,0.00000,-0.60000,-0.23070,0.00000,0.00000,0.00000,0.80699,1.00000
0.00000,0.00000,0.00000,0.00000,0.00000,0.00000,0.00000,0.00000,0.00000,0.00000,0.00000,0.50000,0.00000,0.50000,0.00000,0.50000,-0.93750,0.00000,0.00000,-0.60000,0.00000,0.00000,-1.00000,0.00000,0.00000,-0.60000,-0.23070,0.16723,0.17767,0.33919,0.03619,1.00000
0.00000,0.00000,0.00000,0.00000,0.00000,0.00000,1.00000,0.00000,0.00000,0.99363,0.00000,0.50000,0.00000,0.50000,0.00000,0.50000,-0.93750,0.00000,0.00000,-0.60000,0.00000,0.00000,-1.00000,0.00000,1.00000,0.39745,0.15380,0.77304,0.24405,0.13245,0.32598,1.00000
0.00000,0.00000,0.00000,0.00000,0.00000,0.00000,0.00000,0.00000,0.00000,0.00000,0.00000,0.50000,0.00000,0.50000,0.00000,0.50000,-0.93750,0.00000,0.00000,-0.60000,0.00000,0.00000,-1.00000,0.00000,0.00000,-0.60000,-0.23070,0.00000,0.73533,0.06631,0.76517,1.00000
0.00000,0.00000,0.00000,0.00000,0.00000,0.00000,0.00000,0.00000,0.00000,0.00000,0.00000,0.50000,0.47769,0.31454,0.00000,0.50000,-0.93750,0.00000,0.00000,-0.60000,0.00000,0.00000,-1.00000,0.00000,0.00000,-0.60000,-0.23070,0.84237,0.76784,0.00000,0.65458,1.00000
0.00000,0.94189,0.00000,0.00000,0.00000,1.00000,0.00000,0.00000,0.00000,0.00000,0.00000,0.50000,0.00000,0.50000,0.00000,0.50000,-0.93750,0.00000,0.00000,-0.60000,0.00000,0.00000,-1.00000,1.00000,0.00000,-0.60000,-0.23070,0.03139,0.01420,0.11510,0.71919,1.00000
0.00000,0.00000,0.00000,0.00000,0.00000,0.00000,0.00000,0.00000,0.00000,0.00000,0.00000,0.50000,0.00000,0.50000,0.00000,0.50000,-0.93750,0.00000,0.00000,-0.60000,0.00000,0.00000,-1.00000,0.00000,0.00000,-0.60000,-0.23070,0.12477,0.00000,0.11010,0.83542,1.00000
0.00000,0.00000,0.00000,0.00000,0.00000,0.00000,0.00000,0.00000,0.00000,0.00000,0.00000,0.50000,0.00000,0.50000,0.00000,0.50000,-0.93750,0.00000,0.00000,-0.60000,0.00000,0.00000,-1.00000,0.00000,0.00000,-0.60000,-0.23070,0.00000,0.00000,0.04962,0.04244,1.00000
0.00000,0.00000,0.00000,0.00000,0.00000,0.00000,1.00000,0.00000,0.00000,0.00000,0.00000,0.50000,0.00000,0.50000,1.00000,0.70087,0.74808,0.40862,0.00000,-0.60000,0.00000,0.00000,-1.00000,0.00000,0.00000,-0.60000,-0.23070,0.00000,0.57538,0.27454,0.26001,1.00000
0.00000,0.00000,0.00000,0.00000,0.33989,0.00000,0.00000,0.00000,0.00000,0.00000,0.00000,0.50000,0.00000,0.50000,1.00000,0.54798,0.29494,0.24256,0.00000,-0.60000,0.00000,0.00000,-1.00000,0.00000,0.00000,-0.60000,-0.23070,0.05663,0.34740,0.00000,0.80878,1.00000
0.00000,0.90884,0.00000,0.00000,0.00000,0.00000,1.00000,0.00000,0.00000,0.00000,0.00000,0.50000,0.00000,0.50000,0.00000,0.50000,-0.93750,0.00000,0.00000,-0.60000,0.00000,0.00000,-1.00000,0.00000,0.00000,-0.60000,-0.23070,0.04038,0.01417,0.03747,0.31076,1.00000
0.00000,0.00000,0.00000,0.00000,0.00000,0.00000,0.00000,1.00000,0.65624,0.00000,0.00000,0.50000,0.00000,0.50000,0.00000,0.50000,-0.93750,0.00000,0.00000,-0.60000,0.00000,0.00000,-1.00000,0.00000,0.00000,-0.60000,-0.23070,0.06875,0.40818,0.00000,0.76338,1.00000
0.00000,0.00000,0.00000,0.00000,0.00000,0.00000,0.00000,0.00000,0.00000,0.00000,0.00000,0.50000,0.00000,0.50000,0.00000,0.50000,-0.93750,0.00000,0.00000,-0.60000,0.00000,0.00000,-1.00000,0.00000,0.00000,-0.60000,-0.23070,0.36639,0.00000,0.03319,0.70917,1.00000
0.00000,0.00000,0.00000,0.00000,0.93015,0.00000,0.00000,0.00000,0.00000,0.00000,1.00000,0.88422,0.00000,0.50000,0.00000,0.50000,-0.93750,0.00000,0.00000,-0.60000,0.00000,0.00000,-1.00000,0.00000,0.00000,-0.60000,-0.23070,0.59964,0.00000,0.00000,0.03630,1.00000
0.00000,0.00000,0.00000,0.00000,0.00000,0.00000,0.00000,0.00000,0.26698,0.26698,0.00000,0.50000,0.00000,0.50000,0.00000,0.50000,-0.93750,0.00000,0.00000,-0.60000,0.00000,0.00000,-1.00000,0.00000,0.00000,-0.60000,-0.23070,0.00000,0.00000,0.00000,0.45576,1.00000
0.00000,0.86555,0.00000,0.00000,0.00000,0.00000,0.00000,0.13445,0.00000,0.00000,0.00000,0.50000,0.00000,0.50000,0.00000,0.50000,-0.93750,0.00000,1.00000,0.86991,1.00000,0.46596,0.42505,0.00000,1.00000,0.00000,0.21581,0.10460,0.00000,0.02091,0.88508,1.00000
0.00000,0.00000,0.00000,0.00000,0.00000,0.00000,0.00000,0.00000,0.00000,0.00000,0.00000,0.50000,0.00000,0.50000,0.00000,0.50000,-0.93750,0.00000,0.00000,-0.60000,0.00000,0.00000,-1.00000,0.00000,0.00000,-0.60000,-0.23070,0.72320,0.00000,0.00000,0.51438,1.00000
0.00000,0.00000,0.00000,0.00000,0.00000,0.00000,0.00000,0.00000,0.00000,0.00000,0.00000,0.50000,0.00000,0.50000,0.00000,0.50000,-0.93750,0.00000,0.00000,-0.60000,0.00000,0.00000,-1.00000,0.00000,0.00000,-0.60000,-0.23070,0.00000,0.00000,0.00000,0.77216,1.00000
0.00000,0.00000,0.00000,0.00000,0.00000,0.00000,0.00000,0.00000,0.00000,0.00000,0.00000,0.50000,0.00000,0.50000,0.00000,0.50000,-0.93750,0.00000,1.00000,0.39448,0.00000,0.50936,0.81163,0.00000,0.00000,-0.60000,-0.23070,0.25411,0.31763,0.00000,0.43911,1.00000
0.00000,0.00000,0.00000,0.00000,0.00000,0.11177,0.00000,0.00000,0.00000,0.00000,0.00000,0.50000,0.00000,0.50000,0.00000,0.50000,-0.93750,0.00000,0.00000,-0.60000,0.00000,0.00000,-1.00000,0.00000,0.00000,-0.60000,-0.23070,0.00000,0.00000,0.00000,0.78519,1.00000
0.00000,0.00000,0.00000,0.00000,0.00000,0.00000,0.00000,0.00000,0.00000,0.00000,0.00000,0.50000,0.00000,0.50000,0.00000,0.50000,-0.93750,0.00000,0.00000,-0.60000,0.00000,0.00000,-1.00000,0.00000,0.00000,-0.60000,-0.23070,0.50259,0.77631,0.17326,0.08680,1.00000
0.00000,0.00000,0.00000,0.00000,0.00000,0.00000,0.00000,0.00000,0.00000,0.00000,0.00000,0.50000,0.00000,0.50000,0.00000,0.50000,-0.93750,0.00000,1.00000,0.32138,0.66967,0.21489,0.98182,0.00000,0.00000,-0.60000,-0.23070,0.00000,0.26787,0.09670,0.30828,1.00000
0.00000,0.00000,0.00000,0.00000,0.00000,0.00000,0.00000,0.07658,0.00000,0.00000,0.00000,0.50000,0.00000,0.50000,0.00000,0.50000,-0.93750,0.00000,1.00000,0.34308,1.00000,0.41175,0.56784,0.00000,1.00000,0.92342,0.61500,0.05958,0.00000,0.01191,0.65219,1.00000
0.00000,0.00000,0.00000,0.00000,0.00000,0.00000,0.00000,0.00000,0.00000,0.00000,0.00000,0.50000,0.00000,0.50000,1.00000,0.62035,0.62500,0.45548,0.00000,-0.60000,0.00000,0.00000,-1.00000,0.00000,0.00000,-0.60000,-0.23070,0.12349,0.00000,0.00000,0.71170,1.00000
0.00000,0.00000,0.00000,0.00000,0.00000,0.00000,1.00000,0.43188,0.00000,0.43188,0.00000,0.50000,0.00000,0.50000,0.00000,0.50000,-0.93750,0.00000,0.00000,-0.60000,0.00000,0.00000,-1.00000,0.00000,0.00000,-0.60000,-0.23070,0.13254,0.00000,0.05757,0.84289,1.00000
0.00000,0.00000,0.00000,0.00000,0.00000,0.00000,0.00000,0.00000,0.00000,0.00000,0.00000,0.50000,0.00000,0.50000,1.00000,0.30020,0.18565,0.63759,0.00000,-0.60000,0.00000,0.00000,-1.00000,0.00000,0.00000,-0.60000,-0.23070,0.00000,0.72321,0.00000,0.78753,1.00000
0.00000,0.00000,0.00000,0.00000,0.56872,0.00000,0.00000,0.00000,0.00000,0.00000,0.00000,0.50000,0.00000,0.50000,0.00000,0.50000,-0.93750,0.00000,0.00000,-0.60000,0.00000,0.00000,-1.00000,0.00000,0.00000,-0.60000,-0.23070,0.22123,0.44015,0.00000,0.92439,1.00000
0.00000,0.00000,0.00000,0.00000,0.00000,0.00000,0.00000,0.00000,0.00000,0.00000,0.00000,0.50000,0.00000,0.50000,1.00000,0.74249,0.62500,0.90785,0.00000,-0.60000,0.00000,0.00000,-1.00000,0.00000,0.00000,-0.60000,-0.23070,0.01678,0.00000,0.00000,0.55158,1.00000
0.00000,0.00000,0.00000,0.00000,0.00000,0.00000,0.00000,0.00000,0.00000,0.00000,0.00000,0.50000,0.00000,0.50000,0.00000,0.50000,-0.93750,0.00000,0.00000,-0.60000,0.00000,0.00000,-1.00000,0.00000,0.00000,-0.60000,-0.23070,0.47281,0.00000,0.08859,0.14635,1.00000
0.00000,1.00000,0.00000,0.05210,0.00000,0.00000,0.00000,0.00000,0.00000,0.00000,0.00000,0.50000,0.00000,0.50000,1.00000,0.88630,0.78645,0.45105,0.00000,-0.60000,0.00000,0.00000,-1.00000,0.00000,0.00000,-0.60000,-0.23070,0.40001,0.03159,0.02315,0.42517,1.00000
0.00000,0.00000,0.00000,0.00000,0.00000,0.00000,0.66214,0.00000,0.00000,0.00000,0.00000,0.50000,0.00000,0.50000,0.00000,0.50000,-0.93750,0.00000,0.00000,-0.60000,0.00000,0.00000,-1.00000,0.00000,1.00000,0.06757,0.41368,0.00000,0.12501,0.00000,0.67284,1.00000
0.00000,0.00000,1.00000,0.00000,0.00000,0.00000,0.00000,0.00000,0.00000,0.00000,0.00000,0.50000,0.00000,0.50000,0.00000,0.50000,-0.93750,0.00000,0.00000,-0.60000,0.00000,0.00000,-1.00000,0.00000,0.00000,-0.60000,-0.23070,0.00000,0.07298,0.17930,0.82124,1.00000
0.00000,0.00000,0.00000,0.00000,0.34343,0.34343,0.00000,0.00000,0.00000,0.00000,0.00000,0.50000,0.00000,0.50000,0.00000,0.50000,-0.93750,0.00000,0.00000,-0.60000,0.00000,0.00000,-1.00000,0.00000,1.00000,0.66869,0.35576,0.29380,0.00000,0.00000,0.66366,1.00000
0.00000,0.00000,0.00000,0.00000,0.00000,0.00000,0.00000,0.00000,0.00000,0.00000,0.00000,0.50000,0.00000,0.50000,0.00000,0.50000,-0.93750,0.00000,0.00000,-0.60000,0.00000,0.00000,-1.00000,0.00000,0.00000,-0.60000,-0.23070,0.00000,0.00000,0.00000,0.93018,1.00000
0.00000,1.00000,0.00000,0.00000,0.00000,0.00000,0.00000,0.00000,0.00000,0.00000,0.19067,0.48265,0.00000,0.50000,0.00000,0.50000,-0.93750,0.00000,0.00000,-0.60000,0.00000,0.00000,-1.00000,0.00000,0.00000,-0.60000,-0.23070,0.35133,0.17983,0.00000,0.65308,1.00000
0.00000,0.00000,0.00000,0.00000,0.00000,0.00000,0.00000,1.00000,0.70571,0.00000,0.00000,0.50000,0.00000,0.50000,0.00000,0.50000,-0.93750,0.00000,0.00000,-0.60000,0.00000,0.00000,-1.00000,0.00000,0.00000,-0.60000,-0.23070,0.36062,0.16354,0.00000,0.19510,1.00000
0.00000,0.00000,0.00000,0.00000,0.00000,0.00000,0.00000,0.00000,0.00000,0.00000,0.00000,0.50000,0.00000,0.50000,0.00000,0.50000,-0.93750,0.00000,0.00000,-0.60000,0.00000,0.00000,-1.00000,0.00000,0.00000,-0.60000,-0.23070,0.00000,0.00000,0.06709,0.11950,1.00000
0.00000,0.00000,0.52508,0.00000,0.00000,0.00000,0.00000,0.00000,0.00000,0.00000,0.00000,0.50000,0.00000,0.50000,0.00000,0.50000,-0.93750,0.00000,0.00000,-0.60000,0.00000,0.00000,-1.00000,0.00000,0.00000,-0.60000,-0.23070,0.00000,0.28079,0.04221,0.26503,1.00000
0.00000,0.00000,0.00000,0.00000,0.00000,0.00000,0.00000,0.00000,0.00000,0.00000,0.00000,0.50000,0.00000,0.50000,0.00000,0.50000,-0.93750,0.00000,0.00000,-0.60000,0.00000,0.00000,-1.00000,0.00000,0.00000,-0.60000,-0.23070,0.22815,0.00000,0.00000,0.63484,1.00000
0.00000,0.00000,0.00000,0.00000,0.00000,0.00000,0.00000,0.00000,0.00000,0.00000,0.00000,0.50000,0.00000,0.50000,0.00000,0.50000,-0.93750,0.00000,0.00000,-0.60000,0.00000,0.00000,-1.00000,0.00000,0.00000,-0.60000,-0.23070,0.00000,0.00000,0.00000,0.89402,1.00000
0.00000,0.00000,0.00000,0.00000,0.00000,0.00000,0.00000,0.00000,0.00000,0.00000,0.00000,0.50000,0.00000,0.50000,0.00000,0.50000,-0.93750,0.00000,0.00000,-0.60000,0.00000,0.00000,-1.00000,0.00000,0.00000,-0.60000,-0.23070,0.45490,0.83645,0.16775,0.19737,1.00000
0.00000,0.00000,0.00000,0.00000,0.98855,0.00000,0.00000,0.00000,0.00000,0.00000,0.00000,0.50000,0.00000,0.50000,0.00000,0.50000,-0.93750,0.00000,0.00000,-0.60000,0.00000,0.00000,-1.00000,1.00000,0.00000,-0.60000,-0.23070,0.00216,0.00000,0.00000,0.55582,1.00000
0.00000,0.00000,0.00000,0.36668,0.00000,0.00000,0.00000,0.00000,0.00000,0.00000,0.00000,0.50000,0.00000,0.50000,0.00000,0.50000,-0.93750,0.00000,0.00000,-0.60000,0.00000,0.00000,-1.00000,1.00000,0.00000,-0.60000,-0.23070,0.00000,0.60070,0.00815,0.81395,1.00000
1.00000,0.00000,0.00000,0.00000,0.96869,0.00000,0.00000,0.00000,0.00000,0.00000,0.00000,0.50000,0.00000,0.50000,0.00000,0.50000,-0.93750,0.00000,0.00000,-0.60000,0.00000,0.00000,-1.00000,0.00000,0.00000,-0.60000,-0.23070,0.00000,0.00000,0.00000,0.56426,1.00000
0.00000,0.00000,0.00000,0.00000,0.00000,0.00000,1.00000,0.00000,0.00000,0.00000,0.00000,0.50000,0.00000,0.50000,0.00000,0.50000,-0.93750,0.00000,0.00000,-0.60000,0.00000,0.00000,-1.00000,0.00000,0.00000,-0.60000,-0.23070,0.00000,0.70455,0.19543,0.37937,1.00000
0.00000,0.00000,0.00000,0.00000,0.00000,0.80830,0.00000,0.00000,0.00000,0.00000,0.00000,0.50000,0.00000,0.50000,0.00000,0.50000,-0.93750,0.00000,0.00000,-0.60000,0.00000,0.00000,-1.00000,1.00000,0.00000,-0.60000,-0.23070,0.00000,0.00000,0.00000,0.56736,1.00000
0.00000,0.00000,0.00000,0.00000,0.00000,0.00000,0.00000,0.00000,0.00000,0.00000,0.00000,0.50000,0.00000,0.50000,1.00000,0.58760,0.59779,0.31396,0.00000,-0.60000,0.00000,0.00000,-1.00000,0.00000,0.00000,-0.60000,-0.23070,0.18789,0.07061,0.00000,0.74332,1.00000
0.00000,0.00000,0.00000,0.00000,0.00000,0.00000,0.41911,0.00000,0.00000,0.00000,0.00000,0.50000,0.00000,0.50000,1.00000,0.78404,0.54825,0.58617,0.00000,-0.60000,0.00000,0.00000,-1.00000,0.00000,0.00000,-0.60000,-0.23070,0.23880,0.77370,0.14438,0.35924,1.00000
0.00000,0.00000,0.00000,0.00000,0.00000,0.00000,0.00000,0.00000,0.00000,0.00000,0.00000,0.50000,0.00000,0.50000,0.00000,0.50000,-0.93750,0.00000,0.00000,-0.60000,0.00000,0.00000,-1.00000,0.00000,0.00000,-0.60000,-0.23070,0.00000,0.74791,0.00662,0.36530,1.00000
0.00000,0.00000,0.00000,0.00000,0.32373,0.00000,1.00000,0.00000,0.00000,0.00000,0.00000,0.50000,0.00000,0.50000,0.00000,0.50000,-0.93750,0.00000,0.00000,-0.60000,0.00000,0.00000,-1.00000,0.00000,0.00000,-0.60000,-0.23070,0.27323,0.23109,0.43988,0.06234,1.00000
0.00000,0.00000,0.00000,0.00000,0.00000,0.00000,0.00000,0.00000,0.00000,0.00000,0.00000,0.50000,0.00000,0.50000,0.00000,0.50000,-0.93750,0.00000,0.00000,-0.60000,0.00000,0.00000,-1.00000,0.00000,0.00000,-0.60000,-0.23070,0.00000,0.00000,0.00000,0.44111,1.00000
0.00000,0.00000,0.00000,0.00000,0.00000,0.00000,0.00000,0.00000,0.00000,0.00000,0.00000,0.50000,0.00000,0.50000,0.00000,0.50000,-0.93750,0.00000,0.00000,-0.60000,0.00000,0.00000,-1.00000,0.00000,0.00000,-0.60000,-0.23070,0.00000,0.12886,0.00000,0.91827,1.00000
0.00000,0.00000,0.00000,0.00000,0.00000,0.00000,0.00000,0.00000,0.00000,0.00000,0.00000,0.50000,0.00000,0.50000,0.00000,0.50000,-0.93750,0.00000,1.00000,0.72209,0.31843,0.49948,0.65958,0.00000,0.00000,-0.60000,-0.23070,0.07572,0.68933,0.00000,0.63836,1.00000
0.00000,0.00000,0.00000,0.00000,0.00000,0.00000,0.00000,0.32230,0.00000,0.00000,0.00000,0.50000,0.00000,0.50000,0.00000,0.50000,-0.93750,0.00000,0.00000,-0.60000,0.00000,0.00000,-1.00000,0.00000,0.00000,-0.60000,-0.23070,0.15480,0.00000,0.00000,0.64760,1.00000
0.00000,0.00000,0.00000,0.00000,0.90702,0.00000,0.00000,0.90702,0.00000,0.00000,0.00000,0.50000,0.00000,0.50000,0.00000,0.50000,-0.93750,0.00000,0.00000,-0.60000,0.00000,0.00000,-1.00000,0.00000,1.00000,0.61860,0.35050,0.00000,0.14104,0.00000,0.59048,1.00000
0.00000,0.00000,0.84575,0.00000,0.00000,0.00000,0.00000,0.00000,0.00000,0.00000,0.00000,0.50000,0.00000,0.50000,0.00000,0.50000,-0.93750,0.00000,0.00000,-0.60000,0.00000,0.00000,-1.00000,0.00000,1.00000,1.00000,0.87549,0.07370,0.00000,0.00685,0.08635,1.00000
0.00000,0.00000,0.00000,0.00000,0.00000,0.00000,0.00000,0.00000,0.00000,0.00000,0.00000,0.50000,1.00000,0.26436,0.00000,0.50000,-0.93750,0.00000,0.00000,-0.60000,0.00000,0.00000,-1.00000,0.00000,0.00000,-0.60000,-0.23070,0.35254,0.38325,0.00000,0.39720,1.00000
0.00000,0.00000,0.00000,0.00000,0.00000,0.00000,0.00000,0.00000,0.00000,0.00000,0.00000,0.50000,0.00000,0.50000,0.00000,0.50000,-0.93750,0.00000,0.00000,-0.60000,0.00000,0.00000,-1.00000,0.00000,0.00000,-0.60000,-0.23070,0.00000,0.00000,0.00000,0.45772,1.00000
0.00000,0.00000,0.95464,0.00000,0.00000,0.00000,0.00000,0.00000,0.00000,0.00000,0.00000,0.50000,0.95464,0.26974,1.00000,0.64069,0.50567,0.59088,0.00000,-0.60000,0.00000,0.00000,-1.00000,0.00000,0.00000,-0.60000,-0.23070,0.00756,0.00000,0.00000,0.66079,1.00000
0.00000,0.00000,0.54295,0.00000,0.00000,0.00000,0.00000,0.00000,0.00000,0.00000,0.00000,0.50000,0.00000,0.50000,0.00000,0.50000,-0.93750,0.00000,0.00000,-0.60000,0.00000,0.00000,-1.00000,0.00000,0.00000,-0.60000,-0.23070,0.00000,0.00000,0.00000,0.89521,1.00000
0.00000,0.66039,0.00000,0.00000,0.00000,0.00000,0.00000,0.00000,0.00000,0.00000,0.00000,0.50000,0.00000,0.50000,0.00000,0.50000,-0.93750,0.00000,0.00000,-0.60000,0.00000,0.00000,-1.00000,0.00000,0.00000,-0.60000,-0.23070,0.00000,0.00000,0.00000,0.86172,1.00000
0.00000,0.00000,0.00000,0.00000,0.00000,0.00000,0.00000,1.00000,0.00000,0.00000,0.00000,0.50000,0.00000,0.50000,0.00000,0.50000,-0.93750,0.00000,0.00000,-0.60000,0.00000,0.00000,-1.00000,0.00000,0.00000,-0.60000,-0.23070,0.00000,0.54592,0.11262,0.63116,1.00000
0.00000,0.00000,0.00000,0.00000,0.00000,0.00000,0.00000,0.00000,0.00000,0.00000,0.00000,0.50000,0.00000,0.50000,0.00000,0.50000,-0.93750,0.00000,1.00000,0.22916,0.00000,0.25072,0.69872,0.00000,0.00000,-0.60000,-0.23070,0.68674,0.00000,0.00000,0.13309,1.00000
0.00000,0.00000,0.00000,0.00000,1.00000,0.00000,0.00000,0.00000,0.00000,0.00000,0.00000,0.50000,0.00000,0.50000,0.00000,0.50000,-0.93750,0.00000,0.00000,-0.60000,0.00000,0.00000,-1.00000,0.29959,0.00000,-0.60000,-0.23070,0.00000,0.00000,0.00000,0.51462,1.00000
0.00000,0.00000,0.00000,0.00000,0.00000,0.00000,0.00000,0.00000,0.24084,0.00000,0.00000,0.50000,1.00000,0.46734,0.00000,0.50000,-0.93750,0.00000,0.00000,-0.60000,0.00000,0.00000,-1.00000,0.00000,0.00000,-0.60000,-0.23070,0.23542,0.72052,0.00000,0.42465,1.00000
0.00000,0.00000,0.00000,0.41715,0.00000,0.00000,0.00000,0.00000,0.00000,0.00000,0.00000,0.50000,0.00000,0.50000,0.00000,0.50000,-0.93750,0.00000,0.00000,-0.60000,0.00000,0.00000,-1.00000,0.00000,1.00000,0.71657,0.00000,0.34791,0.53635,0.00000,0.65646,1.00000
0.00000,0.19371,0.00000,0.00000,0.00000,0.00000,0.00000,0.00000,0.00000,0.00000,0.00000,0.50000,0.00000,0.50000,0.00000,0.50000,-0.93750,0.00000,0.00000,-0.60000,0.00000,0.00000,-1.00000,0.00000,0.00000,-0.60000,-0.23070,0.28996,0.00000,0.22471,0.88623,1.00000
0.00000,0.00000,0.00000,0.00000,0.00000,0.00000,0.00000,0.00000,1.00000,0.00000,0.00000,0.50000,0.00000,0.50000,1.00000,0.62246,0.34933,0.56090,0.00000,-0.60000,0.00000,0.00000,-1.00000,0.34933,0.00000,-0.60000,-0.23070,0.55576,0.34147,0.18619,0.56484,1.00000
0.00000,0.00000,0.00000,0.00000,0.00000,1.00000,0.00000,0.00000,0.00000,0.56618,0.00000,0.50000,0.00000,0.50000,0.00000,0.50000,-0.93750,0.00000,0.00000,-0.60000,0.00000,0.00000,-1.00000,0.00000,0.00000,-0.60000,-0.23070,0.58041,0.86762,0.50472,0.47075,1.00000
0.00000,0.00000,0.00000,0.00000,0.00000,0.00000,0.00000,0.00000,0.00000,0.00000,0.00000,0.50000,1.00000,0.80118,0.00000,0.50000,-0.93750,0.00000,0.00000,-0.60000,0.00000,0.00000,-1.00000,0.00000,0.00000,-0.60000,-0.23070,0.00000,0.04577,0.00000,0.40657,1.00000
0.00000,0.95575,0.00000,0.00000,0.00000,0.00000,0.00000,0.00000,0.00000,0.00000,0.00000,0.50000,0.00000,0.50000,0.00000,0.50000,-0.93750,0.00000,0.00000,-0.60000,0.00000,0.00000,-1.00000,0.00000,0.00000,-0.60000,-0.23070,0.84057,0.00000,0.00000,0.15637,1.00000
0.00000,0.00000,0.88698,0.00000,0.00000,0.00000,0.00000,0.00000,0.00000,0.00000,0.00000,0.50000,0.00000,0.50000,0.00000,0.50000,-0.93750,0.00000,0.00000,-0.60000,0.00000,0.00000,-1.00000,0.00000,0.00000,-0.60000,-0.23070,0.00000,0.23706,0.00000,0.34753,1.00000
0.30421,0.00000,0.00000,0.00000,0.00000,0.00000,0.00000,0.00000,1.00000,0.00000,1.00000,0.28235,0.00000,0.50000,0.00000,0.50000,-0.93750,0.00000,0.00000,-0.60000,0.00000,0.00000,-1.00000,0.00000,0.00000,-0.60000,-0.23070,0.21351,0.17918,0.36355,0.72171,1.00000
0.00000,0.00000,0.00000,0.00000,0.00000,1.00000,0.00000,0.00000,0.00000,0.00000,0.00000,0.50000,0.00000,0.50000,0.00000,0.50000,-0.93750,0.00000,0.00000,-0.60000,0.00000,0.00000,-1.00000,1.00000,0.00000,-0.60000,-0.23070,0.00000,0.18131,0.00000,0.47572,1.00000
0.00000,0.00000,0.00000,0.00000,0.00000,0.03097,0.00000,0.00000,0.96903,0.00000,0.00000,0.50000,0.00000,0.50000,1.00000,0.43977,0.99032,0.59845,1.00000,0.29336,0.96903,0.95979,0.57003,0.00000,0.00000,-0.60000,-0.23070,0.02788,0.52754,0.17220,0.61769,1.00000
0.00000,0.00000,0.00000,0.00000,0.00000,0.00000,0.00000,0.00000,0.00000,0.00000,0.00000,0.50000,0.00000,0.50000,0.00000,0.50000,-0.93750,0.00000,0.00000,-0.60000,0.00000,0.00000,-1.00000,0.00000,0.00000,-0.60000,-0.23070,0.22159,0.24814,0.35390,0.03864,1.00000
0.00000,0.00000,0.00000,0.00000,0.00000,0.00000,0.00000,0.00000,0.56254,0.56254,0.00000,0.50000,0.00000,0.50000,0.00000,0.50000,-0.93750,0.00000,0.00000,-0.60000,0.00000,0.00000,-1.00000,0.00000,0.00000,-0.60000,-0.23070,0.00000,0.00000,0.00000,0.43812,1.00000
0.00000,0.00000,0.00000,0.00000,0.00000,0.00000,0.00000,0.00000,0.00000,0.00000,1.00000,0.65678,0.36549,0.56334,0.00000,0.50000,-0.93750,0.00000,0.00000,-0.60000,0.00000,0.00000,-1.00000,0.00000,0.00000,-0.60000,-0.23070,0.00000,0.30436,0.00000,0.15710,1.00000
0.00000,0.00000,0.00000,0.00000,0.00000,0.00000,0.00000,0.00000,0.00000,0.00000,0.00000,0.50000,0.00000,0.50000,0.00000,0.50000,-0.93750,0.00000,0.00000,-0.60000,0.00000,0.00000,-1.00000,0.00000,0.00000,-0.60000,-0.23070,0.00000,0.00000,0.00000,0.57988,1.00000
0.00000,0.00000,1.00000,0.00000,0.00000,0.00000,0.69698,0.00000,0.00000,0.00000,0.00000,0.50000,0.00000,0.50000,0.00000,0.50000,-0.93750,0.00000,0.00000,-0.60000,0.00000,0.00000,-1.00000,0.00000,0.00000,-0.60000,-0.23070,0.65816,0.07069,0.00000,0.40024,1.00000
0.00000,0.00000,0.00000,0.00000,0.00000,0.00000,0.22671,0.00000,0.00000,0.22671,0.00000,0.50000,0.00000,0.50000,0.00000,0.50000,-0.93750,0.00000,0.00000,-0.60000,0.00000,0.00000,-1.00000,0.00000,1.00000,0.70932,0.03487,0.50271,0.45945,0.03022,0.49781,1.00000
0.00000,0.00000,0.00000,0.00000,0.00000,0.00000,0.00000,0.00000,0.00000,0.00000,0.00000,0.50000,0.00000,0.50000,1.00000,0.50089,0.79651,0.15296,0.00000,-0.60000,0.00000,0.00000,-1.00000,0.00000,0.00000,-0.60000,-0.23070,0.33418,0.33544,0.00000,0.57763,1.00000
0.00000,0.00000,0.00000,0.00000,0.00000,0.00000,0.00000,0.00000,0.00000,0.00000,0.00000,0.50000,0.00000,0.50000,0.00000,0.50000,-0.93750,0.00000,0.00000,-0.60000,0.00000,0.00000,-1.00000,0.00000,0.00000,-0.60000,-0.23070,0.05561,0.67683,0.00000,0.83779,1.00000
1.00000,0.00000,0.00000,0.00000,0.00000,0.00000,0.05074,0.05074,0.00000,0.00000,0.00000,0.50000,0.00000,0.50000,0.00000,0.50000,-0.93750,0.00000,0.00000,-0.60000,0.00000,0.00000,-1.00000,0.00000,0.00000,-0.60000,-0.23070,0.42370,0.90029,0.43836,0.25095,1.00000
0.00000,0.00000,0.00000,0.00000,0.00000,0.00000,0.00000,0.00000,0.00000,0.00000,0.00000,0.50000,0.00000,0.50000,0.00000,0.50000,-0.93750,0.00000,0.00000,-0.60000,0.00000,0.00000,-1.00000,0.00000,0.00000,-0.60000,-0.23070,0.30055,0.00000,0.00000,0.60099,1.00000
0.00000,0.00000,0.00000,0.35098,0.00000,0.00000,0.00000,0.00000,0.00000,0.00000,0.00000,0.50000,0.00000,0.50000,0.00000,0.50000,-0.93750,0.00000,0.00000,-0.60000,0.00000,0.00000,-1.00000,0.00000,0.00000,-0.60000,-0.23070,0.00000,0.00000,0.00000,0.09927,1.00000
1.00000,0.00000,0.00000,0.00000,0.00000,0.00000,0.00000,0.00000,0.00000,0.00000,0.00000,0.50000,0.00000,0.50000,0.00000,0.50000,-0.93750,0.00000,0.00000,-0.60000,0.00000,0.00000,-1.00000,0.00000,0.00000,-0.60000,-0.23070,0.13778,0.00000,0.00000,0.57132,1.00000
0.00000,0.00000,0.00000,0.00000,0.00000,0.00000,0.00000,0.00000,0.67892,0.00000,0.00000,0.50000,0.00000,0.50000,0.00000,0.50000,-0.93750,0.00000,1.00000,0.86689,0.00000,0.76587,0.64381,0.00000,0.00000,-0.60000,-0.23070,0.03567,0.22476,0.00000,0.70374,1.00000
0.00000,0.00000,0.95075,0.00000,0.00000,0.00000,0.00000,0.00000,0.00000,0.00000,0.00000,0.50000,0.00000,0.50000,0.00000,0.50000,-0.93750,0.00000,1.00000,0.91034,0.95075,0.45618,0.27669,0.00000,0.00000,-0.60000,-0.23070,0.38146,0.77859,0.01204,0.50718,1.00000
0.00000,0.00000,0.00000,0.00000,0.00000,0.00000,0.00000,0.00000,0.00000,0.00000,0.00000,0.50000,0.00000,0.50000,0.00000,0.50000,-0.93750,0.00000,0.00000,-0.60000,0.00000,0.00000,-1.00000,0.00000,0.00000,-0.60000,-0.23070,0.25885,0.00000,0.00000,0.67863,1.00000
0.00000,0.00000,0.00000,0.00000,0.00000,0.00000,0.00000,0.00000,0.00000,0.00000,0.00000,0.50000,0.00000,0.50000,0.00000,0.50000,-0.93750,0.00000,0.00000,-0.60000,0.00000,0.00000,-1.00000,0.00000,0.00000,-0.60000,-0.23070,0.00000,0.59128,0.00575,0.79515,1.00000
0.00000,0.00000,0.19945,0.00000,0.00000,0.00000,0.00000,0.00000,0.00000,0.00000,0.00000,0.50000,0.00000,0.50000,0.00000,0.50000,-0.93750,0.00000,1.00000,0.68217,0.19945,0.50313,0.08891,0.00000,0.00000,-0.60000,-0.23070,0.60670,0.61976,0.19565,0.24453,1.00000
0.00000,0.00000,0.00000,0.00000,0.00000,0.00000,1.00000,0.00000,0.00000,0.00000,0.00000,0.50000,0.00000,0.50000,0.00000,0.50000,-0.93750,0.00000,0.00000,-0.60000,0.00000,0.00000,-1.00000,0.00000,0.00000,-0.60000,-0.23070,0.00000,0.62426,0.23534,0.32180,1.00000
0.00000,0.00000,0.00000,0.00000,0.00000,0.00000,0.00000,0.00000,0.00000,0.00000,0.00000,0.50000,0.00000,0.50000,1.00000,0.38707,0.29704,0.27902,0.00000,-0.60000,0.00000,0.00000,-1.00000,0.00000,0.00000,-0.60000,-0.23070,0.07186,0.61799,0.00000,0.17621,1.00000
0.00000,0.00000,0.00000,0.00000,0.00000,0.00000,0.00000,0.00000,0.00000,0.00000,0.00000,0.50000,0.00000,0.50000,0.00000,0.50000,-0.93750,0.00000,0.00000,-0.60000,0.00000,0.00000,-1.00000,0.17856,0.00000,-0.60000,-0.23070,0.00000,0.37374,0.00000,0.51664,1.00000
0.00000,0.00000,0.00000,0.00000,0.00000,0.00000,0.00000,0.00000,0.00000,0.00000,0.00000,0.50000,0.40403,0.60573,0.00000,0.50000,-0.93750,0.00000,0.00000,-0.60000,0.00000,0.00000,-1.00000,0.00000,0.00000,-0.60000,-0.23070,0.00000,0.00000,0.39742,0.14868,1.00000
