# image_1,image_2,image_3,image_4,image_5,image_6,image_7,image_8,image_9,image_10,LightNoise,LightNoise_light_param,GradientLightNoise,GradientLightNoise_light_param,CircularLightNoise,CircularLightNoise_light_param,CircularLightNoise_r_circle,CircularLightNoise_kernel_sigma,SPNoise,SPNoise_amount_sp,SPNoise_bw,SPNoise_pepper_color,SPNoise_salt_color,NegativeNoise,BlurNoise,BlurNoise_blur_sigma,BlurNoise_blur_kernel_size,pitch,yaw,roll,scale,label
0.79814,0.00000,0.00000,0.00000,0.00000,0.00000,0.79814,1.00000,0.00000,0.00000,0.00000,0.50000,0.00000,0.50000,0.00000,0.50000,-0.93750,0.00000,0.00000,-0.60000,0.00000,0.00000,-1.00000,0.00000,0.00000,-0.60000,-0.23070,0.40400,0.55870,0.42541,0.76349,1.00000
0.00000,0.00000,0.00000,0.00000,0.00000,0.00000,0.00000,0.00000,0.00000,0.00000,0.00000,0.50000,0.00000,0.50000,0.00000,0.50000,-0.93750,0.00000,0.00000,-0.60000,0.00000,0.00000,-1.00000,0.00000,0.00000,-0.60000,-0.23070,0.55473,0.00000,0.00000,0.58186,1.00000
0.00000,0.00000,0.00000,0.00000,0.00000,0.00000,0.00000,0.00000,0.00000,0.00000,0.00000,0.50000,0.00000,0.50000,0.00000,0.50000,-0.93750,0.00000,0.00000,-0.60000,0.00000,0.00000,-1.00000,0.00000,0.00000,-0.60000,-0.23070,0.00000,0.43329,0.00000,0.67215,1.00000
0.00000,0.00000,0.00000,0.00000,0.00000,0.31213,0.00000,0.00000,0.68787,0.00000,0.00000,0.50000,0.00000,0.50000,1.00000,0.48034,0.90246,0.48452,1.00000,0.22127,0.68787,0.94883,0.42503,0.00000,0.00000,-0.60000,-0.23070,0.28092,0.37447,0.12223,0.69293,1.00000
0.00000,0.00000,0.00000,0.00000,0.00000,0.00000,0.45826,0.00000,0.00000,0.00000,0.00000,0.50000,0.00000,0.50000,1.00000,0.52858,0.28386,0.67232,0.00000,-0.60000,0.00000,0.00000,-1.00000,0.00000,0.00000,-0.60000,-0.23070,0.22271,0.43935,0.00000,0.24836,1.00000
0.00000,0.00000,0.00000,0.00000,0.00000,0.00000,0.00000,0.00000,0.00000,0.00000,0.00000,0.50000,0.68643,0.76242,1.00000,0.20126,0.61652,0.28007,0.00000,-0.60000,0.00000,0.00000,-1.00000,0.00000,0.00000,-0.60000,-0.23070,0.00000,0.82490,0.02288,0.87810,1.00000
0.00000,0.71470,0.00000,0.00000,0.00000,1.00000,0.00000,0.00000,0.00000,0.00000,0.00000,0.50000,0.00000,0.50000,0.00000,0.50000,-0.93750,0.00000,0.00000,-0.60000,0.00000,0.00000,-1.00000,0.00000,0.00000,-0.60000,-0.23070,0.18715,0.90627,0.09195,0.16046,1.00000
0.00000,0.00000,0.00000,0.00000,0.00000,0.00000,0.00000,0.83010,0.00000,1.00000,1.00000,0.33552,0.00000,0.50000,0.00000,0.50000,-0.93750,0.00000,0.00000,-0.60000,0.00000,0.00000,-1.00000,0.00000,0.00000,-0.60000,-0.23070,0.69189,0.00000,0.34125,0.44931,1.00000
0.00000,0.00000,1.00000,0.00000,0.00000,0.00000,0.00000,0.00000,0.00000,0.00000,0.00000,0.50000,0.49518,0.67183,0.49518,0.59478,-0.13283,0.48211,1.00000,0.71831,1.00000,0.56150,0.35090,0.00000,0.00000,-0.60000,-0.23070,0.18512,0.87714,0.24205,0.70331,1.00000
0.00000,0.00000,0.00000,0.45285,0.00000,0.00000,0.00000,0.00000,0.00000,0.00000,0.00000,0.50000,0.00000,0.50000,0.00000,0.50000,-0.93750,0.00000,0.00000,-0.60000,0.00000,0.00000,-1.00000,0.00000,0.00000,-0.60000,-0.23070,0.38654,0.00000,0.00000,0.79498,1.00000
0.00000,0.00000,0.92385,0.00000,0.00000,0.00000,1.00000,0.00000,0.00000,0.00000,0.00000,0.50000,0.00000,0.50000,0.00000,0.50000,-0.93750,0.00000,0.00000,-0.60000,0.00000,0.00000,-1.00000,0.00000,0.00000,-0.60000,-0.23070,0.89016,0.00000,0.00000,0.47310,1.00000
0.00000,0.00000,0.00000,0.00000,0.00000,0.00000,0.00000,0.00000,0.00000,0.00000,0.00000,0.50000,0.00000,0.50000,0.00000,0.50000,-0.93750,0.00000,0.00000,-0.60000,0.00000,0.00000,-1.00000,0.00000,0.00000,-0.60000,-0.23070,0.00000,0.00000,0.00000,0.25521,1.00000
0.00000,0.00000,0.00000,0.00000,0.00000,0.00000,0.00000,0.00000,0.00000,0.00000,0.00000,0.50000,0.00000,0.50000,0.00000,0.50000,-0.93750,0.00000,0.00000,-0.60000,0.00000,0.00000,-1.00000,1.00000,1.00000,0.98249,0.02021,0.01241,0.00000,0.00000,0.52403,1.00000
0.00000,0.00000,0.00000,0.00000,0.00000,0.00000,0.00000,0.00000,0.00000,0.00000,0.00000,0.50000,0.00000,0.50000,0.00000,0.50000,-0.93750,0.00000,0.00000,-0.60000,0.00000,0.00000,-1.00000,0.00000,0.00000,-0.60000,-0.23070,0.00000,0.00000,0.00000,0.76330,1.00000
0.00000,0.00000,0.00000,0.00000,0.00000,0.00000,0.68359,0.00000,0.00000,0.00000,0.00000,0.50000,0.00000,0.50000,0.00000,0.50000,-0.93750,0.00000,0.00000,-0.60000,0.00000,0.00000,-1.00000,0.00000,1.00000,0.73672,0.77695,0.10630,0.09871,0.00000,0.53986,1.00000
0.00000,0.00000,0.57887,0.00000,0.00000,0.00000,0.00000,0.00000,0.57887,0.00000,0.00000,0.50000,0.00000,0.50000,0.00000,0.50000,-0.93750,0.00000,0.00000,-0.60000,0.00000,0.00000,-1.00000,0.00000,1.00000,0.91577,0.42077,0.34553,0.00000,0.00000,0.09214,1.00000
0.00000,0.00000,0.00000,0.00000,0.82861,0.00000,0.00000,0.82861,0.00000,0.00000,0.00000,0.50000,0.00000,0.50000,0.00000,0.50000,-0.93750,0.00000,0.00000,-0.60000,0.00000,0.00000,-1.00000,0.00000,1.00000,0.63428,0.25488,0.07233,0.21840,0.00000,0.61943,1.00000
0.00000,0.00000,0.79529,0.00000,0.00000,0.00000,0.00000,0.00000,0.00000,0.00000,1.00000,0.71198,0.00000,0.50000,0.00000,0.50000,-0.93750,0.00000,0.00000,-0.60000,0.00000,0.00000,-1.00000,1.00000,0.00000,-0.60000,-0.23070,0.00000,0.03533,0.21202,0.42420,1.00000
0.00000,0.00000,0.00000,0.00000,0.00000,0.00000,0.00000,0.11378,0.00000,0.00000,0.00000,0.50000,0.00000,0.50000,0.00000,0.50000,-0.93750,0.00000,0.00000,-0.60000,0.00000,0.00000,-1.00000,0.00000,0.00000,-0.60000,-0.23070,0.00000,0.00000,0.00000,0.57335,1.00000
0.00000,0.00000,0.00000,0.00000,0.00000,0.00000,0.00000,0.00000,0.00000,0.00000,0.00000,0.50000,0.00000,0.50000,1.00000,0.70798,0.52353,0.81387,0.00000,-0.60000,0.00000,0.00000,-1.00000,0.00000,0.00000,-0.60000,-0.23070,0.00000,0.07894,0.00000,0.61618,1.00000
0.00000,0.00000,0.00000,0.00000,0.00000,0.00000,0.00000,0.00000,0.37704,0.00000,0.00000,0.50000,1.00000,0.58196,0.00000,0.50000,-0.93750,0.00000,0.00000,-0.60000,0.00000,0.00000,-1.00000,0.00000,0.00000,-0.60000,-0.23070,0.36856,0.80722,0.19374,0.05204,1.00000
0.00000,1.00000,0.00000,0.00000,0.00000,0.00000,0.00000,0.00000,0.00000,0.00000,0.00000,0.50000,0.57149,0.32684,0.00000,0.50000,-0.93750,0.00000,0.00000,-0.60000,0.00000,0.00000,-1.00000,0.00000,0.00000,-0.60000,-0.23070,0.13327,0.09522,0.22859,0.86755,1.00000
0.00000,0.00000,0.51090,0.00000,0.51090,1.00000,0.00000,0.00000,0.00000,0.00000,0.00000,0.50000,0.00000,0.50000,0.00000,0.50000,-0.93750,0.00000,0.00000,-0.60000,0.00000,0.00000,-1.00000,0.00000,0.00000,-0.60000,-0.23070,0.00000,0.00000,0.00000,0.44834,1.00000
0.00000,0.00000,0.00000,0.00000,0.00000,0.00000,0.00000,0.00000,0.00000,0.00000,0.00000,0.50000,0.00000,0.50000,0.00000,0.50000,-0.93750,0.00000,0.00000,-0.60000,0.00000,0.00000,-1.00000,0.00000,0.00000,-0.60000,-0.23070,0.02083,0.00000,0.47300,0.90463,0.00000
0.00000,0.00000,0.00000,0.00000,0.00000,0.00000,0.00000,0.00000,0.00000,0.00000,0.00000,0.50000,0.00000,0.50000,0.00000,0.50000,-0.93750,0.00000,0.00000,-0.60000,0.00000,0.00000,-1.00000,0.05716,1.00000,0.95427,0.63261,0.48290,0.00000,0.04189,0.19555,1.00000
0.00000,0.00000,0.00000,0.00000,0.00000,0.00000,0.00000,0.00000,0.00000,0.00000,0.62733,0.70495,0.00000,0.50000,0.00000,0.50000,-0.93750,0.00000,0.00000,-0.60000,0.00000,0.00000,-1.00000,0.00000,0.00000,-0.60000,-0.23070,0.00000,0.16035,0.02070,0.06550,1.00000
0.00000,0.00000,0.00000,0.00000,0.00000,0.00000,0.00000,0.00000,0.00000,0.00000,0.00000,0.50000,0.90404,0.12507,0.00000,0.50000,-0.93750,0.00000,0.00000,-0.60000,0.00000,0.00000,-1.00000,0.00000,1.00000,0.38081,0.78378,0.00000,0.00000,0.23107,0.27799,1.00000
0.00000,0.00000,0.00000,0.00000,0.00000,0.00000,1.00000,0.00000,0.00000,0.00000,0.00000,0.50000,0.00000,0.50000,0.00000,0.50000,-0.93750,0.00000,0.00000,-0.60000,0.00000,0.00000,-1.00000,0.00000,0.00000,-0.60000,-0.23070,0.00000,0.77254,0.17975,0.39857,1.00000
0.00000,0.00000,0.00000,0.00000,0.00000,0.00000,0.57561,0.00000,0.00000,0.00000,0.00000,0.50000,0.00000,0.50000,1.00000,0.38795,0.40914,0.45218,0.00000,-0.60000,0.00000,0.00000,-1.00000,0.00000,0.00000,-0.60000,-0.23070,0.07070,0.00000,0.00000,0.37165,1.00000
0.00000,0.82921,0.00000,0.00000,0.00000,0.00000,0.00000,0.00000,0.00000,0.00000,0.00000,0.50000,1.00000,0.24525,0.00000,0.50000,-0.93750,0.00000,0.00000,-0.60000,0.00000,0.00000,-1.00000,0.00000,0.00000,-0.60000,-0.23070,0.05124,0.11383,0.33168,0.91799,1.00000
0.00000,0.00000,0.00000,0.00000,0.00000,0.00000,0.44156,1.00000,0.00000,1.00000,0.55844,0.43103,0.00000,0.50000,0.00000,0.50000,-0.93750,0.00000,0.00000,-0.60000,0.00000,0.00000,-1.00000,0.00000,0.00000,-0.60000,-0.23070,0.46546,0.00000,0.28843,0.48540,1.00000
0.00000,0.00000,0.27909,0.00000,0.00000,0.00000,0.00000,0.00000,0.00000,0.00000,0.27909,0.47042,0.00000,0.50000,0.00000,0.50000,-0.93750,0.00000,1.00000,0.55698,1.00000,0.67362,0.19855,0.00000,0.00000,-0.60000,-0.23070,0.21714,0.48048,0.00000,0.59468,1.00000
0.00000,0.00000,0.00000,0.00000,0.00000,0.00000,1.00000,0.00000,0.00000,0.00000,0.00000,0.50000,0.00000,0.50000,0.00000,0.50000,-0.93750,0.00000,0.00000,-0.60000,0.00000,0.00000,-1.00000,0.00000,0.00000,-0.60000,-0.23070,0.00000,0.23349,0.00000,0.48478,1.00000
0.00000,1.00000,0.00000,0.00000,0.00000,0.00000,1.00000,0.00000,0.00000,0.00000,0.52534,0.72395,0.00000,0.50000,0.00000,0.50000,-0.93750,0.00000,0.00000,-0.60000,0.00000,0.00000,-1.00000,0.00000,0.00000,-0.60000,-0.23070,0.02109,0.00000,0.00000,0.28730,1.00000
0.00000,0.00000,0.00000,0.00000,0.00000,0.00000,0.00000,0.00000,0.00000,0.00000,0.00000,0.50000,0.00000,0.50000,0.00000,0.50000,-0.93750,0.00000,0.88810,-0.06020,0.00000,0.20124,0.26971,0.00000,1.00000,1.00000,0.29039,0.40511,0.00000,0.05595,0.01835,1.00000
1.00000,0.00000,0.00000,0.00000,0.00000,0.00000,0.00000,0.00000,0.00000,0.00000,0.00000,0.50000,0.00000,0.50000,0.00000,0.50000,-0.93750,0.00000,0.00000,-0.60000,0.00000,0.00000,-1.00000,0.00000,0.00000,-0.60000,-0.23070,0.05106,0.00000,0.00000,0.95268,1.00000
0.00000,0.00000,0.00000,0.00000,0.00000,0.00000,0.00000,0.00000,0.00000,0.00000,0.00000,0.50000,0.00000,0.50000,0.00000,0.50000,-0.93750,0.00000,0.00000,-0.60000,0.00000,0.00000,-1.00000,0.00000,0.00000,-0.60000,-0.23070,0.58025,0.81750,0.00000,0.72592,1.00000
0.00000,0.00000,0.12698,0.00000,0.00000,0.00000,0.00000,0.00000,0.00000,0.00000,0.00000,0.50000,0.00000,0.50000,0.00000,0.50000,-0.93750,0.00000,0.00000,-0.60000,0.00000,0.00000,-1.00000,0.00000,0.00000,-0.60000,-0.23070,0.00000,0.00000,0.51246,0.91152,0.00000
0.00000,0.00000,0.00000,0.00000,0.00000,0.00000,0.00000,0.00000,0.00000,0.00000,0.00000,0.50000,1.00000,0.16099,0.00000,0.50000,-0.93750,0.00000,0.00000,-0.60000,0.00000,0.00000,-1.00000,0.00000,0.00000,-0.60000,-0.23070,0.10072,0.22377,0.00000,0.61837,1.00000
0.00000,0.00000,0.00000,0.00000,0.00000,0.00000,0.00000,0.00000,0.00000,0.00000,0.00000,0.50000,0.00000,0.50000,0.00000,0.50000,-0.93750,0.00000,0.00000,-0.60000,0.00000,0.00000,-1.00000,0.00000,0.00000,-0.60000,-0.23070,0.00000,0.23146,0.15227,0.40962,1.00000
0.00000,1.00000,0.00000,0.00000,0.00000,0.00000,0.31001,0.00000,0.00000,0.00000,1.00000,0.56937,0.00000,0.50000,0.00000,0.50000,-0.93750,0.00000,0.00000,-0.60000,0.00000,0.00000,-1.00000,0.00000,0.00000,-0.60000,-0.23070,0.36052,0.00000,0.00000,0.13730,1.00000
0.00000,0.00000,0.00000,0.00000,0.00000,0.18929,0.00000,0.00000,0.00000,0.00000,0.00000,0.50000,0.00000,0.50000,0.00000,0.50000,-0.93750,0.00000,0.00000,-0.60000,0.00000,0.00000,-1.00000,1.00000,0.00000,-0.60000,-0.23070,0.00000,0.00000,0.00000,0.61006,1.00000
0.00000,0.00000,0.00000,0.00000,0.00000,0.00000,0.00000,0.00000,0.00000,0.00000,0.00000,0.50000,1.00000,0.37520,0.00000,0.50000,-0.93750,0.00000,0.00000,-0.60000,0.00000,0.00000,-1.00000,0.00000,0.00000,-0.60000,-0.23070,0.00000,0.68357,0.00000,0.53830,1.00000
0.00000,0.00000,0.00000,0.00000,0.00000,0.00000,0.00000,0.57516,0.00000,0.00000,0.00000,0.50000,0.00000,0.50000,1.00000,0.42436,0.51103,0.57033,0.00000,-0.60000,0.00000,0.00000,-1.00000,0.00000,0.00000,-0.60000,-0.23070,0.00000,0.31158,0.00639,0.72598,1.00000
0.00000,0.00000,0.00000,0.00000,0.00000,0.00000,0.00000,0.00000,0.00000,0.00000,0.00000,0.50000,0.00000,0.50000,0.00000,0.50000,-0.93750,0.00000,0.00000,-0.60000,0.00000,0.00000,-1.00000,0.00000,0.00000,-0.60000,-0.23070,0.33264,0.00000,0.00000,0.54987,1.00000
0.00000,0.00000,0.00000,0.00000,0.00000,0.00000,0.00000,0.00000,0.00000,0.00000,0.00000,0.50000,0.00000,0.50000,0.00000,0.50000,-0.93750,0.00000,0.00000,-0.60000,0.00000,0.00000,-1.00000,0.00000,0.00000,-0.60000,-0.23070,0.00000,0.00000,0.00000,0.26319,1.00000
0.92721,1.00000,0.00000,0.00000,0.00000,0.00000,0.00000,0.00000,0.00000,0.00000,0.00000,0.50000,1.00000,0.31114,0.00000,0.50000,-0.93750,0.00000,0.00000,-0.60000,0.00000,0.00000,-1.00000,0.07279,0.00000,-0.60000,-0.23070,0.00000,0.52499,0.41029,0.21907,1.00000
0.00000,0.00000,0.00000,0.00000,0.15793,0.00000,0.00000,0.00000,0.00000,0.00000,0.00000,0.50000,0.15793,0.54501,1.00000,0.73294,0.55590,0.94710,0.00000,-0.60000,0.00000,0.00000,-1.00000,0.00000,0.00000,-0.60000,-0.23070,0.11930,0.00000,0.02806,0.49293,1.00000
0.00000,0.00000,1.00000,0.00000,0.00000,0.00000,0.00000,0.00000,0.00000,0.00000,0.00000,0.50000,0.00000,0.50000,0.00000,0.50000,-0.93750,0.00000,0.00000,-0.60000,0.00000,0.00000,-1.00000,0.00000,0.00000,-0.60000,-0.23070,0.00000,0.00122,0.00000,0.86028,1.00000
0.00000,0.00000,0.00000,0.00000,0.00000,0.00000,0.00000,0.00000,0.00000,0.00000,0.00000,0.50000,0.00000,0.50000,0.00000,0.50000,-0.93750,0.00000,0.00000,-0.60000,0.00000,0.00000,-1.00000,0.00000,1.00000,0.63272,0.38591,0.07089,0.05816,0.03635,0.65124,1.00000
0.00000,0.00000,0.00000,0.00000,0.00000,0.00000,0.00000,0.00000,0.00000,0.00000,0.00000,0.50000,0.00000,0.50000,0.00000,0.50000,-0.93750,0.00000,0.00000,-0.60000,0.00000,0.00000,-1.00000,0.76351,1.00000,0.38919,0.85016,0.54591,0.00000,0.01051,0.65700,1.00000
0.00000,0.00000,0.00000,0.00000,0.52993,0.00000,1.00000,0.00000,0.00000,0.00000,0.00000,0.50000,0.00000,0.50000,0.00000,0.50000,-0.93750,0.00000,0.00000,-0.60000,0.00000,0.00000,-1.00000,0.00000,0.00000,-0.60000,-0.23070,0.13545,0.67784,0.08353,0.37395,1.00000
0.00000,0.50482,0.00000,0.00000,0.00000,0.00000,0.00000,0.00000,0.00000,0.00000,0.00000,0.50000,1.00000,0.35274,0.00000,0.50000,-0.93750,0.00000,0.00000,-0.60000,0.00000,0.00000,-1.00000,0.50482,0.00000,-0.60000,-0.23070,0.00000,0.25576,0.20193,0.22577,1.00000
0.00000,0.00000,0.80622,0.00000,0.00000,0.00000,0.00000,0.00000,1.00000,0.00000,1.00000,0.37533,0.00000,0.50000,0.00000,0.50000,-0.93750,0.00000,0.00000,-0.60000,0.00000,0.00000,-1.00000,0.00000,0.00000,-0.60000,-0.23070,0.00000,0.57322,0.00000,0.68338,1.00000
0.00000,0.00000,0.00000,0.00000,0.00000,0.00000,0.00000,0.00000,0.00000,0.00000,0.00000,0.50000,0.00000,0.50000,1.00000,0.43869,0.15677,0.24435,0.00000,-0.60000,0.00000,0.00000,-1.00000,0.00000,0.00000,-0.60000,-0.23070,0.00000,0.49626,0.00000,0.55278,1.00000
1.00000,0.00000,0.00000,0.00000,0.00000,0.00000,0.00000,0.00000,0.00000,0.37434,0.00000,0.50000,0.00000,0.50000,0.00000,0.50000,-0.93750,0.00000,0.00000,-0.60000,0.00000,0.00000,-1.00000,1.00000,0.00000,-0.60000,-0.23070,0.00000,0.00000,0.00000,0.33598,1.00000
0.00000,0.99570,0.00000,0.00000,0.00000,0.00000,0.00000,0.00000,0.00000,0.00000,0.00000,0.50000,1.00000,0.62995,0.00000,0.50000,-0.93750,0.00000,0.00000,-0.60000,0.00000,0.00000,-1.00000,0.00000,1.00000,0.20086,0.46272,0.00000,0.35397,0.47684,0.97150,1.00000
0.00000,0.00000,0.00000,0.00000,0.00000,0.00000,0.00000,0.00000,0.00000,0.00000,0.00000,0.50000,1.00000,0.32266,0.00000,0.50000,-0.93750,0.00000,0.00000,-0.60000,0.00000,0.00000,-1.00000,0.00000,0.00000,-0.60000,-0.23070,0.12423,0.57539,0.00000,0.91246,1.00000
0.00000,0.00000,0.00000,0.00000,0.00000,0.00000,0.00000,0.00000,0.00000,0.00000,0.00000,0.50000,1.00000,0.12249,0.00000,0.50000,-0.93750,0.00000,0.00000,-0.60000,0.00000,0.00000,-1.00000,0.00000,0.00000,-0.60000,-0.23070,0.79341,0.60055,0.00000,0.71952,1.00000
0.52399,0.00000,0.00000,0.00000,0.00000,0.00000,0.52399,0.00000,0.00000,0.00000,0.00000,0.50000,0.00000,0.50000,0.00000,0.50000,-0.93750,0.00000,0.00000,-0.60000,0.00000,0.00000,-1.00000,0.00000,1.00000,0.80000,0.16118,0.20625,0.16922,0.10577,0.64123,1.00000
0.00000,0.00000,0.00000,0.00000,0.00000,0.00000,0.99618,0.00000,0.00000,0.99618,0.00000,0.50000,0.00000,0.50000,1.00000,0.87822,0.25143,0.28774,0.00000,-0.60000,0.00000,0.00000,-1.00000,0.00000,0.00000,-0.60000,-0.23070,0.81980,0.00000,0.46482,0.67907,1.00000
0.00000,0.00000,0.00000,0.00000,0.00000,0.00000,0.00000,0.00000,0.00000,0.00000,0.00000,0.50000,0.00000,0.50000,0.00000,0.50000,-0.93750,0.00000,0.01924,-0.58831,0.00000,0.00436,-0.97250,0.00000,1.00000,0.80385,0.00592,0.43245,0.34866,0.21793,0.57505,1.00000
0.00000,0.00000,0.21417,0.00000,0.00000,0.00000,0.00000,0.00000,1.00000,0.00000,1.00000,0.21510,0.00000,0.50000,0.00000,0.50000,-0.93750,0.00000,0.00000,-0.60000,0.00000,0.00000,-1.00000,0.00000,0.00000,-0.60000,-0.23070,0.15717,0.15227,0.41060,0.91677,1.00000
0.00000,0.00000,0.00000,0.00000,0.00000,0.00000,0.00000,0.00000,0.00000,0.54932,0.54932,0.29966,0.00000,0.50000,0.00000,0.50000,-0.93750,0.00000,0.00000,-0.60000,0.00000,0.00000,-1.00000,0.00000,0.00000,-0.60000,-0.23070,0.00000,0.00000,0.00000,0.94116,1.00000
0.00000,0.00000,0.85614,0.00000,0.00000,0.00000,0.00000,0.00000,0.00000,0.00000,0.00000,0.50000,0.00000,0.50000,0.00000,0.50000,-0.93750,0.00000,0.00000,-0.60000,0.00000,0.00000,-1.00000,0.00000,0.00000,-0.60000,-0.23070,0.00000,0.09512,0.00000,0.77014,1.00000
0.00000,0.00000,0.00000,0.00000,1.00000,0.00000,0.00000,0.00000,0.00000,0.00000,0.00000,0.50000,0.84189,0.73994,1.00000,0.60512,0.24679,0.77158,0.00000,-0.60000,0.00000,0.00000,-1.00000,0.15811,0.00000,-0.60000,-0.23070,0.63596,0.00000,0.14960,0.37118,1.00000
0.00000,0.00000,0.00000,0.72257,0.00000,0.72257,0.00000,0.00000,1.00000,0.00000,0.00000,0.50000,0.00000,0.50000,0.00000,0.50000,-0.93750,0.00000,0.00000,-0.60000,0.00000,0.00000,-1.00000,0.00000,0.00000,-0.60000,-0.23070,0.00000,0.00000,0.11405,0.57613,1.00000
0.00000,0.27576,0.00000,0.00000,0.72424,0.00000,0.00000,0.00000,0.00000,0.00000,0.00000,0.50000,0.00000,0.50000,1.00000,0.74265,0.63144,0.67605,0.00000,-0.60000,0.00000,0.00000,-1.00000,1.00000,0.00000,-0.60000,-0.23070,0.00000,0.20533,0.02144,0.69451,1.00000
0.00000,0.00000,0.00000,0.00000,0.00000,0.00000,0.00000,0.00000,0.00000,0.00000,0.00000,0.50000,0.00000,0.50000,0.00000,0.50000,-0.93750,0.00000,0.00000,-0.60000,0.00000,0.00000,-1.00000,0.00000,0.00000,-0.60000,-0.23070,0.00000,0.00000,0.00000,0.45517,1.00000
0.00000,0.70250,0.00000,0.00000,0.00000,0.00000,0.00000,0.00000,0.00000,0.00000,0.00000,0.50000,0.00000,0.50000,0.00000,0.50000,-0.93750,0.00000,0.00000,-0.60000,0.00000,0.00000,-1.00000,0.00000,0.00000,-0.60000,-0.23070,0.30773,0.15610,0.00000,0.72858,1.00000
0.00000,0.00000,0.00000,0.00000,0.00000,0.00000,1.00000,0.00000,0.00000,0.00000,0.00000,0.50000,0.00000,0.50000,0.00000,0.50000,-0.93750,0.00000,0.00000,-0.60000,0.00000,0.00000,-1.00000,0.00000,0.00000,-0.60000,-0.23070,0.18777,0.15183,0.03468,0.86435,1.00000
0.00000,0.00000,0.00000,0.00000,0.00000,0.00000,0.00000,0.00000,0.00000,0.00000,0.62985,0.47588,0.00000,0.50000,0.00000,0.50000,-0.93750,0.00000,0.00000,-0.60000,0.00000,0.00000,-1.00000,1.00000,0.00000,-0.60000,-0.23070,0.00000,0.13159,0.00000,0.34541,1.00000
0.00000,0.00000,0.00000,0.00000,0.00000,0.00000,0.00000,0.00000,0.00000,0.00000,0.00000,0.50000,0.00000,0.50000,0.00000,0.50000,-0.93750,0.00000,0.00000,-0.60000,0.00000,0.00000,-1.00000,0.00000,0.00000,-0.60000,-0.23070,0.54378,0.90461,0.47801,0.38114,1.00000
0.00000,0.00000,1.00000,0.09478,0.00000,0.00000,0.00000,0.00000,0.00000,0.00000,0.00000,0.50000,0.00000,0.50000,0.00000,0.50000,-0.93750,0.00000,0.00000,-0.60000,0.00000,0.00000,-1.00000,0.00000,0.00000,-0.60000,-0.23070,0.04107,0.21119,0.00000,0.35883,1.00000
0.00000,0.00000,0.00000,0.00000,0.00000,0.00000,0.00000,0.00000,0.00000,0.00000,0.00000,0.50000,0.00000,0.50000,0.00000,0.50000,-0.93750,0.00000,1.00000,0.16160,0.10235,0.16930,0.65460,0.00000,0.00000,-0.60000,-0.23070,0.79774,0.04094,0.01478,0.15228,1.00000
0.00000,0.00000,0.00000,0.00000,0.00000,0.00000,0.00000,0.73754,0.00000,0.00000,0.00000,0.50000,0.00000,0.50000,1.00000,0.53375,0.71719,0.44772,0.00000,-0.60000,0.00000,0.00000,-1.00000,0.00000,0.00000,-0.60000,-0.23070,0.04373,0.00000,0.00819,0.70869,1.00000
0.00000,0.00000,0.00000,0.00000,0.00000,0.00000,0.00000,0.00000,0.00000,0.00000,0.00000,0.50000,0.00000,0.50000,0.00000,0.50000,-0.93750,0.00000,0.00000,-0.60000,0.00000,0.00000,-1.00000,0.00000,0.00000,-0.60000,-0.23070,0.00000,0.00000,0.00000,0.49303,1.00000
0.00000,0.00000,0.00000,0.00000,0.00000,0.00000,0.00000,0.00000,0.00000,0.00000,0.00000,0.50000,0.00000,0.50000,0.00000,0.50000,-0.93750,0.00000,0.00000,-0.60000,0.00000,0.00000,-1.00000,0.00000,0.00000,-0.60000,-0.23070,0.05105,0.64301,0.00000,0.75323,1.00000
0.00000,0.00000,0.00000,0.00000,0.00000,0.00000,0.00000,0.00000,0.00000,0.00000,0.00000,0.50000,0.00000,0.50000,0.00000,0.50000,-0.93750,0.00000,0.00000,-0.60000,0.00000,0.00000,-1.00000,0.00000,0.00000,-0.60000,-0.23070,0.05778,0.00000,0.05098,0.91148,1.00000
0.00000,0.00000,0.00000,0.00000,0.00000,0.00000,0.33944,0.00000,0.00000,0.33944,0.33944,0.55387,0.00000,0.50000,0.00000,0.50000,-0.93750,0.00000,1.00000,0.43711,0.33944,0.63488,0.03376,0.00000,0.00000,-0.60000,-0.23070,0.70435,0.62288,0.16144,0.18441,1.00000
0.00000,1.00000,0.53805,0.00000,0.00000,0.00000,1.00000,0.00000,0.00000,0.00000,0.00000,0.50000,0.00000,0.50000,0.00000,0.50000,-0.93750,0.00000,0.00000,-0.60000,0.00000,0.00000,-1.00000,0.00000,0.00000,-0.60000,-0.23070,0.02052,0.00000,0.00000,0.17531,1.00000
0.00000,0.00000,0.00000,0.00000,0.00000,0.00000,0.00000,0.00000,0.00000,0.00000,0.77699,0.84296,1.00000,0.77110,0.00000,0.50000,-0.93750,0.00000,0.00000,-0.60000,0.00000,0.00000,-1.00000,0.00000,0.00000,-0.60000,-0.23070,0.53535,0.51811,0.00000,0.04816,1.00000
0.00000,0.00000,0.00000,0.00000,0.00000,0.00000,0.00000,0.00000,0.00000,0.00000,0.00000,0.50000,0.00000,0.50000,0.00000,0.50000,-0.93750,0.00000,0.00000,-0.60000,0.00000,0.00000,-1.00000,0.00000,0.00000,-0.60000,-0.23070,0.00000,0.00000,0.00000,0.16954,1.00000
0.00000,0.00000,0.00000,0.00000,0.00000,0.00000,0.00000,0.00000,0.00000,0.00000,0.00000,0.50000,0.00000,0.50000,0.00000,0.50000,-0.93750,0.00000,0.00000,-0.60000,0.00000,0.00000,-1.00000,0.00000,0.00000,-0.60000,-0.23070,0.42567,0.00000,0.05531,0.46987,1.00000
0.00000,0.00000,0.00000,0.00000,0.00000,0.00000,0.00000,0.00000,0.00000,0.00000,0.00000,0.50000,0.00000,0.50000,0.00000,0.50000,-0.93750,0.00000,0.00000,-0.60000,0.00000,0.00000,-1.00000,0.00000,0.00000,-0.60000,-0.23070,0.84077,0.00000,0.00000,0.58034,1.00000
0.00000,0.00000,0.00000,0.00000,0.00000,0.00000,0.00000,0.00000,0.00000,0.00000,0.00000,0.50000,0.00000,0.50000,0.00000,0.50000,-0.93750,0.00000,0.00000,-0.60000,0.00000,0.00000,-1.00000,0.00000,0.00000,-0.60000,-0.23070,0.00000,0.14601,0.11474,0.42479,1.00000
0.00000,0.34651,0.00000,0.00000,0.00000,0.00000,0.00000,0.00000,1.00000,0.00000,0.00000,0.50000,0.00000,0.50000,0.00000,0.50000,-0.93750,0.00000,0.00000,-0.60000,0.00000,0.00000,-1.00000,0.00000,0.00000,-0.60000,-0.23070,0.00000,0.11168,0.26865,0.63308,1.00000
0.00000,0.00000,1.00000,0.00000,0.00000,0.00000,0.00000,0.00000,0.00000,0.00000,0.00000,0.50000,0.00000,0.50000,0.00000,0.50000,-0.93750,0.00000,0.00000,-0.60000,0.00000,0.00000,-1.00000,0.00000,0.00000,-0.60000,-0.23070,0.00000,0.04720,0.00000,0.67030,1.00000
0.00000,0.00000,0.00000,0.00000,0.00000,0.00000,0.00000,0.00000,0.48944,0.00000,1.00000,0.58155,0.00000,0.50000,0.00000,0.50000,-0.93750,0.00000,0.00000,-0.60000,0.00000,0.00000,-1.00000,0.00000,0.00000,-0.60000,-0.23070,0.09789,0.00000,0.47119,0.95090,1.00000
0.00000,0.00000,0.00000,0.00000,0.00000,0.00000,0.00000,0.00000,0.00000,0.00000,0.00000,0.50000,0.00000,0.50000,0.00000,0.50000,-0.93750,0.00000,0.00000,-0.60000,0.00000,0.00000,-1.00000,0.00000,0.00000,-0.60000,-0.23070,0.00000,0.00000,0.00000,0.47437,1.00000
0.00000,0.00000,0.00000,0.00000,0.00000,0.00000,0.00000,0.00000,0.00000,0.00000,0.00000,0.50000,0.00000,0.50000,0.00000,0.50000,-0.93750,0.00000,0.00000,-0.60000,0.00000,0.00000,-1.00000,0.00000,1.00000,0.70493,0.38071,0.13981,0.00000,0.13116,0.49828,1.00000
0.00000,0.00000,0.00000,0.00000,0.00000,0.00000,0.00000,0.00000,0.00000,0.00000,0.00000,0.50000,0.00000,0.50000,1.00000,0.31493,0.57637,0.13348,0.00000,-0.60000,0.00000,0.00000,-1.00000,0.00000,0.00000,-0.60000,-0.23070,0.66648,0.35101,0.13900,0.60354,1.00000
0.00000,0.00000,0.00000,0.00000,0.00000,0.00000,0.00000,0.00000,0.00000,0.00000,0.00000,0.50000,0.00000,0.50000,0.00000,0.50000,-0.93750,0.00000,0.00000,-0.60000,0.00000,0.00000,-1.00000,0.00000,0.00000,-0.60000,-0.23070,0.00000,0.00000,0.00000,0.42135,1.00000
0.00000,0.00000,0.87110,0.87110,0.00000,0.00000,0.00000,0.00000,0.00000,0.00000,0.00000,0.50000,0.87110,0.81534,0.00000,0.50000,-0.93750,0.00000,0.00000,-0.60000,0.00000,0.00000,-1.00000,1.00000,0.00000,-0.60000,-0.23070,0.00000,0.00000,0.00000,0.03221,1.00000
0.00000,0.00000,0.00000,0.00000,0.00000,1.00000,0.00000,0.00000,0.00000,0.00000,0.00000,0.50000,0.00000,0.50000,0.00000,0.50000,-0.93750,0.00000,0.00000,-0.60000,0.00000,0.00000,-1.00000,1.00000,0.00000,-0.60000,-0.23070,0.00000,0.00000,0.00000,0.63624,1.00000
0.00000,0.00000,0.00000,0.00000,0.00000,0.00000,0.00000,0.00000,0.34406,0.00000,0.00000,0.50000,0.00000,0.50000,1.00000,0.58201,0.40996,0.36260,0.00000,-0.60000,0.00000,0.00000,-1.00000,0.00000,0.00000,-0.60000,-0.23070,0.35390,0.00000,0.00000,0.71055,1.00000
0.00000,0.00000,0.00000,0.00000,0.00000,0.00000,0.00000,0.00000,0.00000,0.00000,0.00000,0.50000,1.00000,0.69950,0.00000,0.50000,-0.93750,0.00000,0.00000,-0.60000,0.00000,0.00000,-1.00000,0.00000,0.00000,-0.60000,-0.23070,0.00000,0.05297,0.10981,0.16698,1.00000
0.00000,1.00000,0.00000,0.19009,0.00000,0.00000,0.00000,0.00000,0.00000,0.00000,0.00000,0.50000,0.00000,0.50000,1.00000,0.84208,0.71746,0.49806,0.00000,-0.60000,0.00000,0.00000,-1.00000,0.00000,0.00000,-0.60000,-0.23070,0.34178,0.02699,0.08445,0.44417,1.00000
0.00000,0.00000,0.00000,0.00000,0.98468,0.00000,0.00000,0.00000,0.00000,0.00000,0.98468,0.04242,0.00000,0.50000,0.00000,0.50000,-0.93750,0.00000,0.00000,-0.60000,0.00000,0.00000,-1.00000,0.00000,1.00000,0.00306,0.92300,0.00000,0.00000,0.20777,0.80196,1.00000
0.00000,0.00000,0.00000,0.90367,0.90367,0.00000,0.00000,0.00000,0.00000,0.00000,0.00000,0.50000,0.00000,0.50000,0.00000,0.50000,-0.93750,0.00000,1.00000,0.70857,0.00000,0.37924,0.39057,0.00000,0.90367,0.12294,0.53354,0.08031,0.50217,0.00000,0.71052,1.00000
0.00000,0.00000,0.00000,0.00000,0.00000,0.00000,0.00000,0.00000,0.06241,0.00000,0.00000,0.50000,0.00000,0.50000,0.00000,0.50000,-0.93750,0.00000,0.00000,-0.60000,0.00000,0.00000,-1.00000,0.00000,0.00000,-0.60000,-0.23070,0.00000,0.00000,0.00000,0.75072,1.00000
0.00000,0.00000,0.00000,0.00000,0.00000,0.00000,0.00000,0.00000,0.00000,0.00000,0.00000,0.50000,1.00000,0.51084,0.00000,0.50000,-0.93750,0.00000,0.00000,-0.60000,0.00000,0.00000,-1.00000,0.00000,0.00000,-0.60000,-0.23070,0.00000,0.82810,0.00000,0.19195,1.00000
0.00000,0.00000,0.00000,0.00000,0.00000,0.00000,0.00000,0.00000,0.00000,0.00000,0.00000,0.50000,0.00000,0.50000,0.00000,0.50000,-0.93750,0.00000,1.00000,0.18475,0.37146,0.14196,0.75348,0.00000,0.00000,-0.60000,-0.23070,0.55858,0.14859,0.05364,0.22139,1.00000
0.00000,0.00000,0.00000,0.00000,0.00000,0.00000,0.00000,0.00000,0.00000,0.00000,0.00000,0.50000,0.00000,0.50000,1.00000,0.61656,0.95338,0.46191,0.00000,-0.60000,0.00000,0.00000,-1.00000,0.00000,0.00000,-0.60000,-0.23070,0.02787,0.64535,0.47635,0.50752,1.00000
0.00000,0.00000,0.00000,0.00000,0.00000,0.00000,0.60004,0.00000,0.00000,0.60004,0.00000,0.50000,0.00000,0.50000,0.00000,0.50000,-0.93750,0.00000,0.00000,-0.60000,0.00000,0.00000,-1.00000,0.00000,1.00000,0.55998,0.09229,0.64013,0.28884,0.16886,0.42831,1.00000
0.81485,0.18515,0.00000,0.00000,0.00000,0.00000,0.00000,0.00000,1.00000,0.00000,1.00000,0.45868,0.00000,0.50000,0.00000,0.50000,-0.93750,0.00000,0.00000,-0.60000,0.00000,0.00000,-1.00000,0.00000,0.00000,-0.60000,-0.23070,0.20121,0.63427,0.00000,0.10775,1.00000
0.00000,0.00000,0.00000,0.00000,0.00000,0.00000,0.00000,0.00000,0.00000,0.00000,0.00000,0.50000,0.00000,0.50000,0.00000,0.50000,-0.93750,0.00000,0.00000,-0.60000,0.00000,0.00000,-1.00000,0.00000,0.00000,-0.60000,-0.23070,0.47456,0.00000,0.08862,0.48877,1.00000
0.00000,0.00000,0.00000,0.00000,0.00000,0.00000,0.00000,0.00000,0.00000,0.00000,0.00000,0.50000,0.00000,0.50000,0.00000,0.50000,-0.93750,0.00000,0.00000,-0.60000,0.00000,0.00000,-1.00000,1.00000,0.00000,-0.60000,-0.23070,0.00000,0.45304,0.00000,0.55676,1.00000
0.00000,0.00000,0.00000,0.00000,0.00000,0.00000,0.00000,0.00000,1.00000,0.00000,0.00000,0.50000,0.00000,0.50000,1.00000,0.63366,0.55047,0.57639,0.00000,-0.60000,0.00000,0.00000,-1.00000,0.55047,0.00000,-0.60000,-0.23070,0.46637,0.53809,0.29340,0.55324,1.00000
0.00000,0.00000,0.00000,0.00000,0.00000,0.00000,0.00000,0.00000,1.00000,0.00000,0.30873,0.40195,0.00000,0.50000,0.00000,0.50000,-0.93750,0.00000,0.00000,-0.60000,0.00000,0.00000,-1.00000,0.69127,1.00000,0.27651,0.15380,0.29953,0.00000,0.49916,0.07199,1.00000
0.00000,0.00000,0.00000,0.00000,0.00000,0.00000,0.08466,0.00000,0.00000,0.08466,0.00000,0.50000,0.00000,0.50000,0.00000,0.50000,-0.93750,0.00000,0.00000,-0.60000,0.00000,0.00000,-1.00000,0.00000,1.00000,0.94921,0.57596,0.50321,0.02069,0.05195,0.17217,1.00000
0.00000,0.74396,0.00000,0.00000,0.00000,0.00000,0.00000,0.00000,0.00000,0.00000,0.00000,0.50000,0.00000,0.50000,0.00000,0.50000,-0.93750,0.00000,0.00000,-0.60000,0.00000,0.00000,-1.00000,1.00000,0.00000,-0.60000,-0.23070,0.62791,0.17367,0.00000,0.16822,1.00000
0.00000,0.00000,0.00000,0.00000,0.39357,0.00000,1.00000,0.00000,0.00000,0.00000,0.39357,0.61571,0.00000,0.50000,1.00000,0.45435,0.42219,0.62090,0.00000,-0.60000,0.00000,0.00000,-1.00000,0.00000,0.00000,-0.60000,-0.23070,0.00000,0.00000,0.00000,0.11935,1.00000
0.00000,0.00000,0.00000,0.00000,0.00000,0.00000,0.00000,0.00000,0.00000,0.00000,0.00000,0.50000,0.00000,0.50000,0.00000,0.50000,-0.93750,0.00000,0.00000,-0.60000,0.00000,0.00000,-1.00000,0.00000,0.00000,-0.60000,-0.23070,0.00000,0.00000,0.38119,0.87825,1.00000
0.00000,0.00000,0.00000,0.00000,0.00000,0.00000,0.00000,0.00000,0.00000,0.00000,0.00000,0.50000,0.00000,0.50000,0.00000,0.50000,-0.93750,0.00000,0.00000,-0.60000,0.00000,0.00000,-1.00000,0.00000,0.00000,-0.60000,-0.23070,0.00000,0.08613,0.00000,0.36175,1.00000
0.00000,0.00000,0.00000,0.68304,0.00000,0.00000,0.00000,0.00000,0.00000,0.00000,0.00000,0.50000,1.00000,0.64275,0.00000,0.50000,-0.93750,0.00000,0.00000,-0.60000,0.00000,0.00000,-1.00000,0.00000,0.00000,-0.60000,-0.23070,0.00000,0.00000,0.00000,0.84219,1.00000
0.00000,0.00000,0.00000,0.00000,0.00000,0.00000,0.00000,0.00000,0.00000,0.00000,0.00000,0.50000,0.00000,0.50000,0.00000,0.50000,-0.93750,0.00000,0.00000,-0.60000,0.00000,0.00000,-1.00000,0.00000,0.00000,-0.60000,-0.23070,0.78080,0.73868,0.00000,0.37805,1.00000
0.00000,0.00000,0.00000,0.00000,0.00000,0.00000,0.00000,0.00000,0.00000,0.00000,0.00000,0.50000,0.00000,0.50000,0.00000,0.50000,-0.93750,0.00000,0.00000,-0.60000,0.00000,0.00000,-1.00000,0.00000,1.00000,0.62248,0.40953,0.04871,0.03997,0.02498,0.65523,1.00000
0.00000,0.00000,0.57251,0.00000,0.00000,0.00000,0.00000,0.00000,0.00000,0.00000,0.00000,0.50000,0.00000,0.50000,0.00000,0.50000,-0.93750,0.00000,0.00000,-0.60000,0.00000,0.00000,-1.00000,0.00000,0.00000,-0.60000,-0.23070,0.00000,0.27605,0.03799,0.27133,1.00000
0.00000,0.00000,0.00000,0.00000,0.00000,0.00000,0.00000,0.00000,0.00000,0.00000,0.00000,0.50000,0.00000,0.50000,0.00000,0.50000,-0.93750,0.00000,1.00000,0.16362,0.53270,0.33479,0.50870,0.00000,1.00000,1.00000,0.47135,0.18178,0.00000,0.00000,0.36307,1.00000
0.00000,0.00000,0.00000,0.00000,0.00000,0.00000,0.00000,0.86267,0.00000,0.00000,0.00000,0.50000,0.00000,0.50000,1.00000,0.52744,0.73283,0.47741,0.00000,-0.60000,0.00000,0.00000,-1.00000,0.00000,0.00000,-0.60000,-0.23070,0.02288,0.00000,0.00958,0.69721,1.00000
0.00000,0.00000,0.00000,0.00000,0.00000,0.53742,0.00000,0.00000,0.00000,0.00000,0.00000,0.50000,0.00000,0.50000,0.00000,0.50000,-0.93750,0.00000,0.00000,-0.60000,0.00000,0.00000,-1.00000,0.00000,0.00000,-0.60000,-0.23070,0.00000,0.00000,0.00000,0.80267,1.00000
0.56496,0.00000,0.00000,0.00000,0.00000,0.00000,0.00000,0.00000,0.00000,0.00000,0.00000,0.50000,0.00000,0.50000,0.00000,0.50000,-0.93750,0.00000,0.00000,-0.60000,0.00000,0.00000,-1.00000,0.00000,1.00000,0.34803,0.34745,0.18358,0.57871,0.00000,0.47160,1.00000
0.00000,0.00000,0.00000,0.00000,0.00000,0.00000,0.00000,0.00000,0.00000,0.00000,0.84623,0.77646,0.00000,0.50000,0.00000,0.50000,-0.93750,0.00000,0.00000,-0.60000,0.00000,0.00000,-1.00000,0.00000,0.00000,-0.60000,-0.23070,0.00000,0.26755,0.01367,0.11102,1.00000
0.00000,0.00000,0.00000,0.00000,0.00000,0.00000,0.00000,0.00000,0.43609,0.00000,0.00000,0.50000,0.00000,0.50000,1.00000,0.24955,0.68280,0.60841,1.00000,0.58213,1.00000,0.46312,0.50226,0.00000,0.00000,-0.60000,-0.23070,0.00000,0.23741,0.07749,0.80880,1.00000
1.00000,0.00000,0.00000,0.77021,0.77021,0.00000,0.00000,0.00000,0.00000,0.00000,0.00000,0.50000,0.00000,0.50000,0.00000,0.50000,-0.93750,0.00000,0.00000,-0.60000,0.00000,0.00000,-1.00000,0.00000,0.00000,-0.60000,-0.23070,0.00000,0.28244,0.00000,0.16902,1.00000
0.00000,0.00000,0.00000,0.19814,0.19814,0.00000,0.00000,0.00000,0.00000,0.00000,0.00000,0.50000,1.00000,0.30351,0.00000,0.50000,-0.93750,0.00000,0.00000,-0.60000,0.00000,0.00000,-1.00000,0.00000,0.00000,-0.60000,-0.23070,0.00000,0.35430,0.04181,0.26522,1.00000
1.00000,0.00000,0.00000,0.00000,0.00000,0.00000,0.95800,0.95800,0.00000,0.00000,0.00000,0.50000,0.00000,0.50000,0.00000,0.50000,-0.93750,0.00000,0.00000,-0.60000,0.00000,0.00000,-1.00000,0.00000,0.00000,-0.60000,-0.23070,0.44953,0.67060,0.51061,0.76328,1.00000
0.00000,0.00000,1.00000,1.00000,0.56169,0.00000,0.00000,0.00000,0.00000,0.56169,0.00000,0.50000,0.00000,0.50000,0.00000,0.50000,-0.93750,0.00000,0.00000,-0.60000,0.00000,0.00000,-1.00000,0.00000,0.00000,-0.60000,-0.23070,0.55193,0.21850,0.00000,0.58754,1.00000
0.00000,0.97627,0.00000,0.00000,0.00000,1.00000,0.00000,0.00000,0.00000,0.00000,0.00000,0.50000,0.00000,0.50000,0.00000,0.50000,-0.93750,0.00000,0.00000,-0.60000,0.00000,0.00000,-1.00000,0.00000,0.00000,-0.60000,-0.23070,0.01557,0.94114,0.00765,0.16022,1.00000
0.00000,0.00000,0.00000,0.00000,0.00000,0.00000,0.00000,0.00000,0.00000,0.00000,0.00000,0.50000,1.00000,0.46290,0.00000,0.50000,-0.93750,0.00000,0.00000,-0.60000,0.00000,0.00000,-1.00000,0.00000,0.00000,-0.60000,-0.23070,0.13120,0.72924,0.17499,0.37984,1.00000
0.00000,1.00000,0.00000,0.00000,0.00000,0.00000,0.00000,0.00000,0.00000,0.00000,0.00000,0.50000,0.00000,0.50000,0.00000,0.50000,-0.93750,0.00000,0.00000,-0.60000,0.00000,0.00000,-1.00000,0.00000,0.00000,-0.60000,-0.23070,0.53629,0.09705,0.26280,0.90090,1.00000
0.00000,0.00000,0.00000,0.00000,0.00000,0.00000,0.00000,0.00000,0.00000,0.00000,0.00000,0.50000,0.00000,0.50000,0.00000,0.50000,-0.93750,0.00000,0.00000,-0.60000,0.00000,0.00000,-1.00000,0.00000,0.00000,-0.60000,-0.23070,0.00000,0.62289,0.01904,0.78857,1.00000
0.00000,0.81226,0.00000,0.00000,0.00000,0.81226,0.00000,0.00000,0.00000,0.00000,0.00000,0.50000,0.00000,0.50000,0.00000,0.50000,-0.93750,0.00000,0.00000,-0.60000,0.00000,0.00000,-1.00000,0.00000,0.00000,-0.60000,-0.23070,0.00000,0.90681,0.00000,0.19283,1.00000
0.00000,0.00000,0.00000,0.00000,0.00000,0.00000,0.00000,0.00000,0.00000,0.00000,0.00000,0.50000,0.00000,0.50000,0.00000,0.50000,-0.93750,0.00000,0.00000,-0.60000,0.00000,0.00000,-1.00000,0.00000,0.00000,-0.60000,-0.23070,0.65842,0.00000,0.07874,0.24600,1.00000
0.00000,0.00000,0.00000,0.00000,0.00000,0.00000,0.00000,0.00000,0.00000,0.00000,0.00000,0.50000,0.00000,0.50000,1.00000,0.30756,0.20000,0.66135,0.00000,-0.60000,0.00000,0.00000,-1.00000,0.00000,0.00000,-0.60000,-0.23070,0.00000,0.71244,0.00000,0.77469,1.00000
0.00000,0.38655,0.00000,0.00000,0.00000,0.00000,0.00000,0.00000,0.00000,0.00000,0.00000,0.50000,0.00000,0.50000,0.00000,0.50000,-0.93750,0.00000,0.00000,-0.60000,0.00000,0.00000,-1.00000,0.00000,0.00000,-0.60000,-0.23070,0.85105,0.00000,0.00000,0.41015,1.00000
0.00000,0.00000,0.00000,0.00000,0.00088,0.00000,0.00000,0.99912,1.00000,0.00000,0.00000,0.50000,0.00000,0.50000,0.00000,0.50000,-0.93750,0.00000,0.00000,-0.60000,0.00000,0.00000,-1.00000,1.00000,0.00000,-0.60000,-0.23070,0.00015,0.00000,0.21081,0.11852,1.00000
0.00000,0.00000,0.00000,0.00000,0.00000,0.00000,0.00000,0.00000,0.00000,0.00000,0.00000,0.50000,0.00000,0.50000,0.00000,0.50000,-0.93750,0.00000,0.00000,-0.60000,0.00000,0.00000,-1.00000,0.35845,1.00000,0.87169,0.00000,0.27798,0.22807,0.14255,0.56148,1.00000
0.00000,0.00000,0.00000,0.00000,0.00000,0.00000,0.00000,0.00000,0.00000,0.00000,0.00000,0.50000,0.00000,0.50000,0.00000,0.50000,-0.93750,0.00000,0.00000,-0.60000,0.00000,0.00000,-1.00000,0.00000,0.00000,-0.60000,-0.23070,0.00000,0.00000,0.00000,0.16098,1.00000
0.00000,0.00000,0.00000,0.87151,0.00000,0.00000,0.00000,0.00000,0.00000,0.00000,0.00000,0.50000,0.00000,0.50000,0.00000,0.50000,-0.93750,0.00000,0.00000,-0.60000,0.00000,0.00000,-1.00000,1.00000,0.00000,-0.60000,-0.23070,0.00000,0.52013,0.01936,0.91803,1.00000
0.91467,0.91467,0.00000,0.00000,0.00000,0.00000,0.00000,0.00000,0.00000,0.00000,0.00000,0.50000,1.00000,0.32085,0.00000,0.50000,-0.93750,0.00000,0.00000,-0.60000,0.00000,0.00000,-1.00000,0.00000,0.00000,-0.60000,-0.23070,0.00000,0.56433,0.40256,0.19847,1.00000
0.00000,0.00000,0.23684,0.00000,1.00000,0.00000,0.76316,0.00000,0.00000,0.00000,1.00000,0.71459,0.00000,0.50000,1.00000,0.66150,0.67270,0.65393,0.00000,-0.60000,0.00000,0.00000,-1.00000,0.00000,0.00000,-0.60000,-0.23070,0.00000,0.00000,0.00789,0.35695,1.00000
0.00000,0.00000,0.00000,0.00000,0.00000,0.00000,0.00000,0.00000,0.53188,0.00000,0.00000,0.50000,0.00000,0.50000,0.00000,0.50000,-0.93750,0.00000,0.00000,-0.60000,0.00000,0.00000,-1.00000,1.00000,1.00000,0.30638,0.51387,0.49589,0.00000,0.23632,0.42714,1.00000
0.00000,0.00000,0.00000,0.00000,0.00000,0.00000,0.00000,0.00000,0.00000,0.00000,0.00000,0.50000,0.00000,0.50000,0.00000,0.50000,-0.93750,0.00000,0.00000,-0.60000,0.00000,0.00000,-1.00000,0.00000,0.00000,-0.60000,-0.23070,0.00000,0.00000,0.00000,0.31105,1.00000
0.00000,0.00000,0.00000,0.00000,0.00000,0.00000,0.00000,0.00000,0.00000,0.00000,0.00000,0.50000,1.00000,0.36363,0.00000,0.50000,-0.93750,0.00000,0.00000,-0.60000,0.00000,0.00000,-1.00000,0.00000,0.00000,-0.60000,-0.23070,0.00000,0.39707,0.00000,0.31863,1.00000
0.00000,0.00000,0.00000,0.00000,0.00000,0.00000,0.00000,0.00000,0.00000,0.00000,0.00000,0.50000,0.00000,0.50000,0.00000,0.50000,-0.93750,0.00000,0.00000,-0.60000,0.00000,0.00000,-1.00000,0.00000,0.00000,-0.60000,-0.23070,0.01937,0.59698,0.00000,0.76051,1.00000
0.00000,0.00000,0.00000,0.00000,0.00000,0.00000,0.21871,0.00000,0.78129,0.00000,0.00000,0.50000,0.00000,0.50000,1.00000,0.69288,0.97266,0.55693,0.00000,-0.60000,0.00000,0.00000,-1.00000,0.78129,0.00000,-0.60000,-0.23070,0.20829,0.92162,0.49177,0.47925,1.00000
0.00000,0.00000,0.00000,0.00000,0.00000,0.00000,0.00000,0.00000,0.00000,0.00000,0.00000,0.50000,1.00000,0.36706,0.00000,0.50000,-0.93750,0.00000,0.00000,-0.60000,0.00000,0.00000,-1.00000,0.00000,0.00000,-0.60000,-0.23070,0.01342,0.67720,0.00000,0.53223,1.00000
1.00000,0.00000,0.00000,0.00000,0.00000,0.00000,0.00000,0.00000,0.00000,0.22636,0.00000,0.50000,0.00000,0.50000,0.00000,0.50000,-0.93750,0.00000,0.00000,-0.60000,0.00000,0.00000,-1.00000,0.22636,0.00000,-0.60000,-0.23070,0.00000,0.00000,0.00000,0.32575,1.00000
0.00000,0.00000,0.00000,0.00000,0.72589,0.00000,0.00000,0.00000,0.00000,0.00000,0.00000,0.50000,0.00000,0.50000,1.00000,0.60588,0.48794,0.33029,0.00000,-0.60000,0.00000,0.00000,-1.00000,0.00000,0.00000,-0.60000,-0.23070,0.12093,0.30015,0.00000,0.62705,1.00000
0.00000,0.00000,0.00000,0.00000,0.00000,0.00000,0.00000,0.00000,0.00000,0.00000,0.00000,0.50000,0.00000,0.50000,0.00000,0.50000,-0.93750,0.00000,0.00000,-0.60000,0.00000,0.00000,-1.00000,0.00000,0.00000,-0.60000,-0.23070,0.00000,0.00000,0.10146,0.78320,1.00000
0.00000,0.00000,0.00000,0.00000,0.00000,0.00000,0.00000,0.00000,0.00000,0.00000,0.00000,0.50000,0.00000,0.50000,0.00000,0.50000,-0.93750,0.00000,0.00000,-0.60000,0.00000,0.00000,-1.00000,0.15823,0.00000,-0.60000,-0.23070,0.07481,0.66125,0.00000,0.63977,1.00000
0.00000,0.00000,0.00000,0.00000,0.00000,0.00000,0.00000,0.00000,0.00000,0.00000,0.00000,0.50000,0.00000,0.50000,0.00000,0.50000,-0.93750,0.00000,0.00000,-0.60000,0.00000,0.00000,-1.00000,0.00000,0.00000,-0.60000,-0.23070,0.07917,0.04922,0.24288,0.08015,1.00000
0.00000,1.00000,0.00000,0.00000,0.00000,0.00000,0.00000,0.00000,0.50422,0.00000,0.00000,0.50000,0.00000,0.50000,0.00000,0.50000,-0.93750,0.00000,0.00000,-0.60000,0.00000,0.00000,-1.00000,0.00000,0.00000,-0.60000,-0.23070,0.00000,0.00000,0.00000,0.60861,1.00000
0.00000,0.00000,0.00000,0.00000,0.00000,0.00000,0.00000,0.00000,0.00000,0.00000,0.00000,0.50000,0.00000,0.50000,0.00000,0.50000,-0.93750,0.00000,0.00000,-0.60000,0.00000,0.00000,-1.00000,0.00000,0.00000,-0.60000,-0.23070,0.00000,0.00000,0.00000,0.52070,1.00000
0.00000,0.00000,0.00000,0.00000,0.00000,0.00000,0.00000,0.00000,0.00000,0.00000,0.00000,0.50000,0.00000,0.50000,0.00000,0.50000,-0.93750,0.00000,1.00000,0.58115,0.00000,0.31231,0.60510,0.50054,0.00000,-0.60000,-0.23070,0.00000,0.00000,0.00000,0.48225,1.00000
0.00000,0.00000,0.00000,0.00000,0.00000,0.00000,0.40255,0.00000,0.00000,0.00000,0.00000,0.50000,0.00000,0.50000,1.00000,0.33025,0.21266,0.42695,0.00000,-0.60000,0.00000,0.00000,-1.00000,0.00000,0.00000,-0.60000,-0.23070,0.00000,0.35847,0.00000,0.11934,1.00000
0.00000,0.00000,0.00000,0.00000,0.00000,0.00000,0.00000,0.00000,1.00000,0.00000,0.00000,0.50000,0.00000,0.50000,0.00000,0.50000,-0.93750,0.00000,0.00000,-0.60000,0.00000,0.00000,-1.00000,0.61282,0.00000,-0.60000,-0.23070,0.05446,0.58561,0.24086,0.68229,1.00000
0.00000,0.00000,0.00000,0.00000,0.00000,0.00000,0.00000,0.00000,0.00000,0.00000,0.00000,0.50000,0.00000,0.50000,0.00000,0.50000,-0.93750,0.00000,0.00000,-0.60000,0.00000,0.00000,-1.00000,0.00000,0.00000,-0.60000,-0.23070,0.00000,0.00000,0.00000,0.26956,1.00000
0.99453,0.00000,0.00000,0.00000,0.00000,0.00000,1.00000,0.00000,0.00000,0.00000,0.00000,0.50000,0.00000,0.50000,0.00000,0.50000,-0.93750,0.00000,0.00000,-0.60000,0.00000,0.00000,-1.00000,0.00000,1.00000,0.80000,0.31096,0.00085,0.00079,0.00000,0.69026,1.00000
0.00000,0.00000,0.00000,0.00000,0.00000,0.00000,0.00000,0.00000,0.00000,0.00000,0.00000,0.50000,0.00000,0.50000,0.00000,0.50000,-0.93750,0.00000,0.00000,-0.60000,0.00000,0.00000,-1.00000,0.00000,0.00000,-0.60000,-0.23070,0.62769,0.13317,0.09558,0.12740,1.00000
0.73122,0.00000,0.00000,0.00000,0.00000,0.00000,0.00000,1.00000,0.00000,1.00000,0.26878,0.46681,0.00000,0.50000,0.00000,0.50000,-0.93750,0.00000,0.00000,-0.60000,0.00000,0.00000,-1.00000,0.00000,0.00000,-0.60000,-0.23070,0.22402,0.00000,0.11049,0.58618,1.00000
0.00000,0.00000,0.86508,0.00000,0.00000,0.00000,0.00000,0.00000,0.00000,0.00000,0.00000,0.50000,0.00000,0.50000,0.00000,0.50000,-0.93750,0.00000,0.00000,-0.60000,0.00000,0.00000,-1.00000,0.00000,0.00000,-0.60000,-0.23070,0.00000,0.00000,0.45201,0.92357,1.00000
0.00000,0.00000,0.00000,0.00000,0.00000,0.82075,0.00000,0.00000,0.00000,0.00000,0.00000,0.50000,0.17925,0.46573,0.00000,0.50000,-0.93750,0.00000,1.00000,0.85166,1.00000,0.49248,0.18055,0.00000,0.00000,-0.60000,-0.23070,0.00000,0.00000,0.00000,0.79316,1.00000
0.00000,0.00000,0.00000,0.00000,0.00000,0.00000,0.00000,0.00000,0.00000,0.00000,0.00000,0.50000,0.00000,0.50000,0.00000,0.50000,-0.93750,0.00000,0.00000,-0.60000,0.00000,0.00000,-1.00000,0.00000,0.00000,-0.60000,-0.23070,0.00000,0.00000,0.00000,0.53477,1.00000
0.00000,0.40990,0.00000,0.00000,0.00000,0.00000,0.00000,0.00000,1.00000,0.00000,1.00000,0.57056,0.59010,0.65614,0.00000,0.50000,-0.93750,0.00000,0.00000,-0.60000,0.00000,0.00000,-1.00000,0.00000,0.00000,-0.60000,-0.23070,0.08976,0.81373,0.00000,0.19665,1.00000
0.00000,0.91491,1.00000,0.00000,0.00000,0.00000,0.91491,0.00000,0.00000,0.00000,0.00000,0.50000,0.00000,0.50000,0.00000,0.50000,-0.93750,0.00000,0.00000,-0.60000,0.00000,0.00000,-1.00000,0.00000,0.00000,-0.60000,-0.23070,0.00000,0.01985,0.00000,0.06366,1.00000
0.00000,0.00000,0.00000,0.00000,0.00000,0.00000,0.00000,0.00000,0.00000,0.00000,0.00000,0.50000,0.00000,0.50000,0.00000,0.50000,-0.93750,0.00000,0.00000,-0.60000,0.00000,0.00000,-1.00000,0.83661,0.00000,-0.60000,-0.23070,0.00000,0.00000,0.00000,0.59415,1.00000
0.00000,0.00000,0.66334,0.00000,0.66334,0.00000,0.00000,0.00000,0.00000,0.00000,0.66334,0.47260,0.00000,0.50000,1.00000,0.47487,0.62500,0.71406,0.00000,-0.60000,0.00000,0.00000,-1.00000,0.00000,0.00000,-0.60000,-0.23070,0.00000,0.00000,0.02211,0.76998,1.00000
0.00000,0.00000,1.00000,0.00000,0.00000,0.00000,0.00000,0.00000,0.21462,0.00000,0.00000,0.50000,0.00000,0.50000,0.00000,0.50000,-0.93750,0.00000,0.00000,-0.60000,0.00000,0.00000,-1.00000,0.00000,1.00000,1.00000,0.85690,0.03099,0.00000,0.00000,0.07156,1.00000
0.55316,0.00000,0.00000,0.00000,0.00000,0.00000,0.00000,0.00000,0.00000,0.00000,0.00000,0.50000,0.00000,0.50000,0.00000,0.50000,-0.93750,0.00000,0.00000,-0.60000,0.00000,0.00000,-1.00000,0.00000,0.00000,-0.60000,-0.23070,0.00000,0.00000,0.00000,0.60985,1.00000
0.00000,0.00000,0.00000,0.00000,0.00000,0.00000,0.00000,1.00000,0.54893,0.00000,0.00000,0.50000,0.00000,0.50000,0.00000,0.50000,-0.93750,0.00000,0.00000,-0.60000,0.00000,0.00000,-1.00000,0.00000,0.00000,-0.60000,-0.23070,0.28050,0.00000,0.00000,0.38385,1.00000
0.00000,0.09917,0.00000,0.00000,0.00000,0.00000,0.00000,0.00000,0.00000,0.00000,0.00000,0.50000,0.00000,0.50000,0.00000,0.50000,-0.93750,0.00000,1.00000,0.23536,1.00000,0.08663,0.95961,0.00000,0.00000,-0.60000,-0.23070,0.00000,0.42754,0.13008,0.40527,1.00000
0.38258,0.00000,0.61742,0.00000,0.00000,0.00000,0.00000,0.00000,1.00000,0.00000,1.00000,0.34709,0.00000,0.50000,0.00000,0.50000,-0.93750,0.00000,0.00000,-0.60000,0.00000,0.00000,-1.00000,0.00000,0.00000,-0.60000,-0.23070,0.09350,0.66433,0.00000,0.44998,1.00000
0.00000,0.00000,0.00000,0.00000,0.00000,0.00000,0.00000,0.00000,0.00000,0.00000,0.00000,0.50000,1.00000,0.93912,0.00000,0.50000,-0.93750,0.00000,0.00000,-0.60000,0.00000,0.00000,-1.00000,0.00000,0.00000,-0.60000,-0.23070,0.00000,0.00000,0.07476,0.68014,1.00000
0.00000,0.00000,0.00000,0.00000,0.00000,0.00000,0.00000,0.00000,0.00000,0.00000,0.00000,0.50000,0.00000,0.50000,1.00000,0.57123,0.62748,0.27381,0.00000,-0.60000,0.00000,0.00000,-1.00000,0.00000,0.00000,-0.60000,-0.23070,0.16550,0.00418,0.00337,0.77468,1.00000
1.00000,0.00000,0.00000,0.62465,0.62465,0.00000,0.00000,0.00000,0.00000,0.00000,0.00000,0.50000,0.00000,0.50000,0.00000,0.50000,-0.93750,0.00000,0.00000,-0.60000,0.00000,0.00000,-1.00000,0.00000,0.00000,-0.60000,-0.23070,0.23771,0.22906,0.00000,0.14861,1.00000
0.00000,0.00000,0.28408,0.00000,0.00000,0.71592,0.00000,0.00000,0.00000,0.00000,0.00000,0.50000,0.28408,0.59857,1.00000,0.61136,0.68750,0.42391,1.00000,0.17627,0.28408,0.85098,0.16794,0.00000,0.00000,-0.60000,-0.23070,0.64433,0.27470,0.13886,0.87947,1.00000
0.00000,0.00000,0.00000,0.75319,0.00000,0.00000,1.00000,0.00000,0.00000,0.00000,0.00000,0.50000,0.00000,0.50000,0.00000,0.50000,-0.93750,0.00000,0.00000,-0.60000,0.00000,0.00000,-1.00000,0.00000,0.00000,-0.60000,-0.23070,0.00000,0.00274,0.05857,0.49825,1.00000
0.00000,0.69187,0.00000,0.00000,0.00000,0.00000,0.00000,0.00000,0.00000,0.00000,0.00000,0.50000,0.00000,0.50000,0.00000,0.50000,-0.93750,0.00000,1.00000,0.21479,1.00000,0.13760,0.81143,0.00000,0.00000,-0.60000,-0.23070,0.00000,0.59213,0.04449,0.53958,1.00000
0.00000,0.00000,0.00000,0.87573,0.87573,0.00000,0.00000,0.00000,0.00000,0.00000,0.00000,0.50000,1.00000,0.09426,0.00000,0.50000,-0.93750,0.00000,0.00000,-0.60000,0.00000,0.00000,-1.00000,0.00000,0.00000,-0.60000,-0.23070,0.00000,0.76811,0.18478,0.47764,1.00000
0.00000,0.00000,1.00000,0.00000,0.00000,0.00000,0.00000,0.00000,0.00000,0.00000,0.00000,0.50000,0.00000,0.50000,0.00000,0.50000,-0.93750,0.00000,0.00000,-0.60000,0.00000,0.00000,-1.00000,0.00000,0.00000,-0.60000,-0.23070,0.00000,0.18034,0.11861,0.46292,1.00000
0.00000,0.00000,0.00000,0.85318,0.00000,0.00000,0.00000,0.00000,0.00000,0.00000,0.00000,0.50000,0.00000,0.50000,0.00000,0.50000,-0.93750,0.00000,0.00000,-0.60000,0.00000,0.00000,-1.00000,0.00000,1.00000,0.54127,0.13551,0.20852,0.47411,0.00000,0.76217,1.00000
0.00000,0.97029,0.00000,0.00000,0.00000,0.00000,0.00000,0.00000,0.00000,0.00000,0.00000,0.50000,0.97029,0.62837,0.00000,0.50000,-0.93750,0.00000,0.00000,-0.60000,0.00000,0.00000,-1.00000,0.00000,1.00000,0.21783,0.47054,0.00000,0.34494,0.46360,0.95057,1.00000
0.00000,1.00000,0.00000,0.00000,0.00000,0.00000,0.00000,0.00000,0.00000,0.00000,0.51574,0.68051,0.00000,0.50000,1.00000,0.72094,0.81250,0.34753,0.00000,-0.60000,0.00000,0.00000,-1.00000,0.00000,0.00000,-0.60000,-0.23070,0.20436,0.01614,0.00000,0.49356,1.00000
0.00000,0.00000,0.00000,0.00000,0.00000,0.00000,0.00000,0.00000,0.45439,0.00000,0.00000,0.50000,0.00000,0.50000,1.00000,0.58554,0.34101,0.39143,0.00000,-0.60000,0.00000,0.00000,-1.00000,0.00000,0.00000,-0.60000,-0.23070,0.41397,0.00000,0.00000,0.68943,1.00000
0.00000,0.55194,0.55194,0.00000,0.00000,0.00000,1.00000,0.00000,0.00000,0.00000,0.00000,0.50000,0.00000,0.50000,0.00000,0.50000,-0.93750,0.00000,0.00000,-0.60000,0.00000,0.00000,-1.00000,0.00000,0.00000,-0.60000,-0.23070,0.00000,0.00498,0.00000,0.22108,1.00000
0.00000,0.00000,0.00000,0.00000,0.00000,1.00000,0.00000,0.00000,0.00000,0.00000,0.00000,0.50000,0.00000,0.50000,0.58728,0.58809,-0.35022,0.13390,1.00000,0.64901,1.00000,0.49367,0.13043,0.00000,0.00000,-0.60000,-0.23070,0.58082,0.13049,0.00000,0.41712,1.00000
0.00000,0.00000,0.00000,0.00000,0.00000,0.00000,0.00000,0.79484,0.00000,0.00000,0.00000,0.50000,0.00000,0.50000,0.00000,0.50000,-0.93750,0.00000,0.00000,-0.60000,0.00000,0.00000,-1.00000,0.00000,0.00000,-0.60000,-0.23070,0.18632,0.00000,0.00000,0.73057,1.00000
0.00000,0.00000,0.00000,0.00000,0.00000,0.00000,0.00000,0.00000,0.00000,0.00000,0.00000,0.50000,0.00000,0.50000,0.00000,0.50000,-0.93750,0.00000,0.00000,-0.60000,0.00000,0.00000,-1.00000,0.00000,0.00000,-0.60000,-0.23070,0.00000,0.00000,0.00000,0.78033,1.00000
0.00000,0.00000,0.00000,0.00000,0.00000,0.00000,0.00000,0.99120,0.00000,0.00000,0.00000,0.50000,0.00000,0.50000,0.00000,0.50000,-0.93750,0.00000,1.00000,0.94722,0.00880,0.68149,0.07872,0.00000,0.00000,-0.60000,-0.23070,0.00000,0.00587,0.00000,0.61544,1.00000
0.00000,0.00000,0.00000,0.00000,0.00000,0.00000,0.00000,0.00000,0.00000,0.00000,0.00000,0.50000,1.00000,0.97676,0.00000,0.50000,-0.93750,0.00000,0.00000,-0.60000,0.00000,0.00000,-1.00000,0.00000,0.00000,-0.60000,-0.23070,0.00000,0.00759,0.00000,0.80314,1.00000
0.00000,0.00000,0.00000,0.00000,0.00000,0.00000,0.00000,0.00000,0.78787,0.00000,1.00000,0.79718,0.00000,0.50000,0.00000,0.50000,-0.93750,0.00000,0.00000,-0.60000,0.00000,0.00000,-1.00000,0.00000,0.00000,-0.60000,-0.23070,0.00942,0.00000,0.00000,0.63945,1.00000
0.00000,0.00000,0.00000,0.00000,0.00000,0.00000,0.00000,0.00000,0.00000,0.00000,0.00000,0.50000,0.00000,0.50000,0.00000,0.50000,-0.93750,0.00000,0.00000,-0.60000,0.00000,0.00000,-1.00000,0.00000,0.00000,-0.60000,-0.23070,0.00000,0.00000,0.00000,0.91918,1.00000
0.00000,0.00000,0.00000,0.00000,0.00000,0.00000,0.00000,0.00000,0.00000,0.00000,0.00000,0.50000,0.92004,0.14280,0.00000,0.50000,-0.93750,0.00000,0.00000,-0.60000,0.00000,0.00000,-1.00000,0.00000,0.00000,-0.60000,-0.23070,0.88161,0.63526,0.00000,0.68661,1.00000
0.00000,0.00000,0.00000,0.00000,0.00000,0.00000,0.00000,0.00000,0.00000,0.00000,0.00000,0.50000,0.00000,0.50000,0.00000,0.50000,-0.93750,0.00000,0.00000,-0.60000,0.00000,0.00000,-1.00000,0.00000,0.00000,-0.60000,-0.23070,0.00328,0.00348,0.43145,0.08306,1.00000
0.00000,0.00000,0.00000,0.00000,0.00000,0.00000,0.00000,0.00000,0.00000,0.00000,0.00000,0.50000,0.00000,0.50000,0.00000,0.50000,-0.93750,0.00000,0.00000,-0.60000,0.00000,0.00000,-1.00000,0.00000,0.00000,-0.60000,-0.23070,0.40492,0.77935,0.25955,0.04907,1.00000
0.00000,0.00000,0.00000,0.00000,0.00000,0.86744,0.00000,0.00000,0.00000,0.86744,0.00000,0.50000,0.00000,0.50000,0.00000,0.50000,-0.93750,0.00000,0.00000,-0.60000,0.00000,0.00000,-1.00000,0.00000,0.00000,-0.60000,-0.23070,0.53867,0.85358,0.59441,0.74334,1.00000
0.00000,1.00000,0.00000,0.00000,0.00000,0.00000,0.00000,0.00000,0.00000,0.00000,0.00000,0.50000,0.98989,0.20006,0.00000,0.50000,-0.93750,0.00000,0.00000,-0.60000,0.00000,0.00000,-1.00000,0.00000,0.00000,-0.60000,-0.23070,0.00314,0.00225,0.39596,0.92726,1.00000
0.00000,0.00000,0.47193,0.00000,0.00000,0.00000,0.52807,0.00000,0.00000,0.52807,1.00000,0.53378,0.00000,0.50000,0.00000,0.50000,-0.93750,0.00000,1.00000,0.16937,1.00000,0.52051,0.16722,0.00000,0.00000,-0.60000,-0.23070,0.77800,0.37546,0.00000,0.20588,1.00000
0.00000,0.00000,0.00000,0.00000,0.00000,0.00000,0.00000,1.00000,1.00000,0.00000,0.00000,0.50000,0.00000,0.50000,0.00000,0.50000,-0.93750,0.00000,0.00000,-0.60000,0.00000,0.00000,-1.00000,0.00000,0.00000,-0.60000,-0.23070,0.44451,0.08093,0.00000,0.31232,1.00000
0.00000,0.00000,0.00000,0.00000,0.00000,0.00000,0.65396,0.00000,0.00000,0.00000,1.00000,0.57103,0.00000,0.50000,0.00000,0.50000,-0.93750,0.00000,0.00000,-0.60000,0.00000,0.00000,-1.00000,0.00000,0.00000,-0.60000,-0.23070,0.56045,0.00000,0.00000,0.37266,1.00000
0.00000,0.00000,0.00000,0.00000,0.00000,0.00000,0.00000,0.00000,0.00000,0.00000,0.00000,0.50000,0.00000,0.50000,0.00000,0.50000,-0.93750,0.00000,1.00000,0.27713,0.00694,0.53364,0.59846,0.00000,0.00000,-0.60000,-0.23070,0.57359,0.72162,0.00000,0.79763,1.00000
0.45993,0.00000,0.00000,0.00000,0.00000,0.00000,0.00000,0.00000,0.00000,0.00000,0.00000,0.50000,0.00000,0.50000,0.00000,0.50000,-0.93750,0.00000,0.00000,-0.60000,0.00000,0.00000,-1.00000,1.00000,0.00000,-0.60000,-0.23070,0.00000,0.19199,0.00000,0.47327,1.00000
0.00000,0.00000,0.16757,0.16757,0.00000,0.00000,0.00000,0.00000,0.00000,0.00000,0.00000,0.50000,0.16757,0.56066,0.00000,0.50000,-0.93750,0.00000,0.00000,-0.60000,0.00000,0.00000,-1.00000,1.00000,0.00000,-0.60000,-0.23070,0.00000,0.00000,0.00000,0.13873,1.00000
0.00000,0.00000,0.00000,0.00000,0.00000,0.00000,0.00000,0.00000,0.95726,0.00000,0.00000,0.50000,0.00000,0.50000,1.00000,0.58666,0.00801,0.52169,0.00000,-0.60000,0.00000,0.00000,-1.00000,0.00000,0.00000,-0.60000,-0.23070,0.71433,0.00000,0.01139,0.59606,1.00000
0.00000,0.00000,0.00000,0.00000,0.00000,0.00000,0.00000,0.00000,0.00000,0.00000,0.00000,0.50000,0.00000,0.50000,0.00000,0.50000,-0.93750,0.00000,0.00000,-0.60000,0.00000,0.00000,-1.00000,0.00000,0.00000,-0.60000,-0.23070,0.00000,0.00000,0.00000,0.61306,1.00000
0.00000,0.00000,0.00000,0.00000,0.40944,0.00000,0.00000,1.00000,0.00000,0.00000,0.00000,0.50000,0.00000,0.50000,0.00000,0.50000,-0.93750,0.00000,0.00000,-0.60000,0.00000,0.00000,-1.00000,0.00000,0.00000,-0.60000,-0.23070,0.00000,0.51922,0.00000,0.08998,1.00000
1.00000,0.00000,0.00000,0.00000,0.00000,0.00000,0.00000,0.00000,0.00000,0.00000,0.00000,0.50000,0.00000,0.50000,0.00000,0.50000,-0.93750,0.00000,0.00000,-0.60000,0.00000,0.00000,-1.00000,0.00000,0.00000,-0.60000,-0.23070,0.21872,0.00000,0.00000,0.66714,1.00000
0.00000,0.00000,0.00000,0.00000,0.00000,0.00000,0.00000,0.00000,0.00000,0.00000,0.00000,0.50000,0.00000,0.50000,0.00000,0.50000,-0.93750,0.00000,0.00000,-0.60000,0.00000,0.00000,-1.00000,0.00000,0.00000,-0.60000,-0.23070,0.00000,0.00000,0.00000,0.20582,1.00000
1.00000,0.00000,0.00000,0.41794,0.41794,0.00000,0.00000,0.00000,0.00000,0.00000,0.00000,0.50000,0.00000,0.50000,0.00000,0.50000,-0.93750,0.00000,0.00000,-0.60000,0.00000,0.00000,-1.00000,0.00000,0.00000,-0.60000,-0.23070,0.00000,0.15326,0.00000,0.27841,1.00000
0.00000,1.00000,0.00000,0.00000,0.00000,0.00000,0.76948,0.00000,0.76948,0.00000,0.00000,0.50000,0.00000,0.50000,0.00000,0.50000,-0.93750,0.00000,0.00000,-0.60000,0.00000,0.00000,-1.00000,1.00000,0.00000,-0.60000,-0.23070,0.32472,0.63275,0.01024,0.66586,1.00000
0.00000,0.49190,0.00000,0.00000,0.00000,0.00000,0.00000,0.00000,0.00000,0.00000,0.00000,0.50000,0.00000,0.50000,0.00000,0.50000,-0.93750,0.00000,0.00000,-0.60000,0.00000,0.00000,-1.00000,0.00000,0.00000,-0.60000,-0.23070,0.28285,0.16011,0.00000,0.77812,1.00000
0.00000,0.00000,0.00000,0.00000,0.00000,0.00000,0.00000,0.00000,0.00000,0.00000,0.00000,0.50000,0.00000,0.50000,0.00000,0.50000,-0.93750,0.00000,0.00000,-0.60000,0.00000,0.00000,-1.00000,0.00000,0.00000,-0.60000,-0.23070,0.58963,0.00000,0.00000,0.56788,1.00000
0.00000,0.00000,0.00000,0.00000,0.00000,0.00000,0.00000,0.00000,0.00000,0.00000,0.00000,0.50000,0.00000,0.50000,0.00000,0.50000,-0.93750,0.00000,0.00000,-0.60000,0.00000,0.00000,-1.00000,0.00000,0.00000,-0.60000,-0.23070,0.00000,0.00000,0.22448,0.11036,1.00000
0.00000,0.00000,0.00000,0.29805,0.29805,0.00000,0.00000,0.00000,0.00000,0.00000,0.00000,0.50000,0.00000,0.50000,0.00000,0.50000,-0.93750,0.00000,1.00000,0.74295,0.00000,0.33428,0.72842,0.00000,0.29805,-0.36156,0.02136,0.10447,0.65699,0.00000,0.64280,1.00000
0.00000,0.00000,0.00000,0.00000,0.00000,0.00000,0.00000,0.00000,0.00000,0.00000,0.00000,0.50000,0.00000,0.50000,0.00000,0.50000,-0.93750,0.00000,0.00000,-0.60000,0.00000,0.00000,-1.00000,1.00000,0.00000,-0.60000,-0.23070,0.10259,0.00000,0.00000,0.15769,1.00000
0.00000,0.00000,0.20618,0.00000,0.00000,0.00000,0.00000,0.00000,0.79382,0.00000,0.00000,0.50000,0.20618,0.57154,1.00000,0.48810,0.93557,0.68576,1.00000,0.34377,1.00000,0.90141,0.55054,0.00000,0.00000,-0.60000,-0.23070,0.00000,0.63153,0.24184,0.66637,1.00000
0.00000,0.00000,0.00000,0.00000,0.00000,0.00000,0.00000,0.00000,0.14633,0.00000,0.00000,0.50000,0.00000,0.50000,0.00000,0.50000,-0.93750,0.00000,1.00000,0.66575,0.00000,0.58306,0.10994,0.00000,0.00000,-0.60000,-0.23070,0.56897,0.49308,0.20864,0.26014,1.00000
0.00000,0.00000,0.00000,0.00000,0.00000,0.00000,0.00000,0.00000,0.00000,0.00000,0.00000,0.50000,0.00000,0.50000,0.00000,0.50000,-0.93750,0.00000,0.00000,-0.60000,0.00000,0.00000,-1.00000,0.00000,0.00000,-0.60000,-0.23070,0.00000,0.00000,0.00000,0.89252,1.00000
0.00000,0.00000,0.00000,0.00000,0.00000,0.00000,0.18402,0.00000,0.00000,0.18402,0.18402,0.52920,0.00000,0.50000,0.00000,0.50000,-0.93750,0.00000,1.00000,0.52159,0.18402,0.58026,0.03619,0.00000,0.00000,-0.60000,-0.23070,0.68702,0.60215,0.19943,0.18001,1.00000
0.00000,0.19832,0.80168,0.00000,0.80168,0.00000,0.00000,0.00000,0.00000,0.00000,1.00000,0.53630,0.00000,0.50000,1.00000,0.37307,0.66219,0.51760,0.00000,-0.60000,0.00000,0.00000,-1.00000,0.00000,0.00000,-0.60000,-0.23070,0.00000,0.00000,0.02672,0.82833,1.00000
0.00000,0.00000,0.00000,0.00000,0.00000,0.00000,0.00000,0.00000,0.00000,0.00000,0.00000,0.50000,0.00000,0.50000,0.00000,0.50000,-0.93750,0.00000,0.00000,-0.60000,0.00000,0.00000,-1.00000,0.00000,0.00000,-0.60000,-0.23070,0.04444,0.61661,0.00000,0.90516,1.00000
0.00000,0.00000,0.00000,0.00000,0.00000,0.00000,0.00000,0.17769,0.00000,0.00000,0.00000,0.50000,0.00000,0.50000,1.00000,0.56203,0.64721,0.31487,0.00000,-0.60000,0.00000,0.00000,-1.00000,0.00000,0.00000,-0.60000,-0.23070,0.13700,0.00000,0.00197,0.76009,1.00000
0.00000,0.53947,0.00000,0.00000,0.00000,0.00000,1.00000,0.00000,0.00000,0.00000,0.00000,0.50000,0.00000,0.50000,0.00000,0.50000,-0.93750,0.00000,0.00000,-0.60000,0.00000,0.00000,-1.00000,0.00000,0.00000,-0.60000,-0.23070,0.07002,0.00000,0.00000,0.23236,1.00000
0.00000,0.00000,0.00000,0.00000,0.00000,0.00000,0.43339,0.00000,0.00000,0.00000,0.00000,0.50000,0.00000,0.50000,0.00000,0.50000,-0.93750,0.00000,0.00000,-0.60000,0.00000,0.00000,-1.00000,0.00000,1.00000,0.11332,0.58963,0.00000,0.08182,0.00000,0.61452,1.00000
0.00000,0.00000,0.00000,0.00000,0.00000,0.00000,0.00000,0.00000,0.00000,0.00000,0.00000,0.50000,0.00000,0.50000,0.00000,0.50000,-0.93750,0.00000,0.00000,-0.60000,0.00000,0.00000,-1.00000,0.00000,0.00000,-0.60000,-0.23070,0.51438,0.88885,0.42379,0.30730,1.00000
1.00000,0.62992,0.00000,0.00000,0.00000,0.00000,0.00000,0.00000,0.00000,0.00000,0.00000,0.50000,1.00000,0.30121,0.00000,0.50000,-0.93750,0.00000,0.00000,-0.60000,0.00000,0.00000,-1.00000,0.00000,0.00000,-0.60000,-0.23070,0.00000,0.69658,0.25896,0.48740,1.00000
0.00000,0.00000,0.00000,0.00000,0.00000,0.00000,0.00000,0.79320,0.00000,0.79320,1.00000,0.45250,0.00000,0.50000,0.00000,0.50000,-0.93750,0.00000,0.00000,-0.60000,0.00000,0.00000,-1.00000,0.00000,0.00000,-0.60000,-0.23070,0.67032,0.00000,0.32609,0.28849,1.00000
0.00000,0.00000,0.51664,0.00000,0.00000,0.00000,0.00000,0.00000,0.00000,0.00000,0.00000,0.50000,0.51664,0.37539,1.00000,0.60871,0.56042,0.44490,0.00000,-0.60000,0.00000,0.00000,-1.00000,0.00000,0.00000,-0.60000,-0.23070,0.08053,0.00000,0.00000,0.71384,1.00000
0.00000,0.00000,0.00000,0.00000,0.00000,0.00000,0.00000,0.00000,0.00000,0.00000,0.00000,0.50000,0.00000,0.50000,0.00000,0.50000,-0.93750,0.00000,0.00000,-0.60000,0.00000,0.00000,-1.00000,0.00000,1.00000,0.80000,0.66145,0.05902,0.07308,0.00000,0.21957,1.00000
