image_1,image_2,image_3,image_4,image_5,image_6,image_7,image_8,image_9,image_10,LightNoise,LightNoise_light_param,GradientLightNoise,GradientLightNoise_light_param,CircularLightNoise,CircularLightNoise_light_param,CircularLightNoise_r_circle,CircularLightNoise_kernel_sigma,SPNoise,SPNoise_amount_sp,SPNoise_bw,SPNoise_pepper_color,SPNoise_salt_color,NegativeNoise,BlurNoise,BlurNoise_blur_sigma,BlurNoise_blur_kernel_size,pitch,yaw,roll,scale,label,istance_name
0,0,0,1,0,0,0,0,0,0,0,0.5,0,0.5,0,0.5,-0.9375,0,0,-0.6,0,0,-1,1,0,-0.6,-0.2307,0,0.5444,0.02222,0.9883,1,88_DAL_81360$44ee8e9d-eee2-41bd-87e2-fdd29a3462a0
0,0,0,0,0,0,0,1,1,0,0,0.5,0,0.5,0,0.5,-0.9375,0,0,-0.6,0,0,-1,0,0,-0.6,-0.2307,0.511,0,0,0.2451,1,87_HE_47509$7535143c-b5b1-40d2-8e3f-29e5ecc52101
0,0,0,0,0,0,0,0,0,0,0,0.5,0,0.5,0,0.5,-0.9375,0,0,-0.6,0,0,-1,1,0,-0.6,-0.2307,0,0,0,0.5977,1,77_TA_02419$ccec40df-0853-4aa0-a14b-24e98e79cd9b
0,0,0,0,0,0,0,0,0,0,0,0.5,0,0.5,0,0.5,-0.9375,0,0,-0.6,0,0,-1,0,0,-0.6,-0.2307,0.1666,0,0,0.249,1,29_YE_03061$a3bb7c30-a661-4ec6-a0cd-109287c99216
0,0,0,0,0,0,0,0,1,0,0,0.5,0,0.5,1,0.603,0,0.534,0,-0.6,0,0,-1,0,0,-0.6,-0.2307,0.711,0,0,0.585,1,64_NON_92538$9c02b6de-6344-4e71-a274-fab2aba06c70
0,0,0,0,0,0,0,0,0,0,0,0.5,0,0.5,0,0.5,-0.9375,0,0,-0.6,0,0,-1,0,0,-0.6,-0.2307,0.844,0,0.844,0.922,0,08_JIM_98481$7e9e992d-34db-4052-a8dc-a7c738a2cd8c
0,0,0,1,0,0,0,0,0,0,0,0.5,0,0.5,0,0.5,-0.9375,0,0,-0.6,0,0,-1,0,0,-0.6,-0.2307,0.4778,0,0,0.8457,1,66_MIM_74585$d1118b2f-95e4-40e5-860e-6caeeda6ba65
0,0,0,0,0,0,0,0,0,0,0,0.5,0,0.5,0,0.5,-0.9375,0,0,-0.6,0,0,-1,0,0,-0.6,-0.2307,0,0,0,0.785,1,83_TE_01400$aa78f848-f176-473b-ab6c-2e03701546c2
0,0,0,0,1,0,0,0,0,0,0,0.5,0,0.5,0,0.5,-0.9375,0,0,-0.6,0,0,-1,0,0,-0.6,-0.2307,0.5,0.567,0.6665,0.05664,0,13_GHAF_63540$d496a8ac-37c2-4f9a-9bff-e446f9450ace
0,0,0,0,0,0,0,0,0,0,0,0.5,0,0.5,0,0.5,-0.9375,0,0,-0.6,0,0,-1,0,0,-0.6,-0.2307,0.1888,0,0.1666,0.8613,1,53_BE_09958$c03901dd-8cdb-4fd1-9932-e7111953dd87
1,0,0,0,0,0,0,0,1,0,1,0.4707,0,0.5,0,0.5,-0.9375,0,0,-0.6,0,0,-1,0,0,-0.6,-0.2307,0.2444,0.589,0,0.11426,1,54_WHEEL_42560$fc93ba71-a0fe-4e09-83a7-9fd5e0be3b16
0,0,0,1,0,0,0,0,0,0,0,0.5,0,0.5,0,0.5,-0.9375,0,0,-0.6,0,0,-1,1,0,-0.6,-0.2307,0,0.3223,0.6445,0.74,1,05_EIN_04131$ffcd3d0a-8557-4fb9-9e40-ee9456880877
0,0,1,0,0,0,0,0,0,0,0,0.5,0,0.5,0,0.5,-0.9375,0,0,-0.6,0,0,-1,0,0,-0.6,-0.2307,0,0,0,0.5977,1,34_VAV_50270$3e93f22f-7ff7-4e23-911d-7e68c4b63bb6
0,0,0,1,0,0,0,0,0,0,0,0.5,0,0.5,0,0.5,-0.9375,0,0,-0.6,0,0,-1,0,0,-0.6,-0.2307,0,0,0,0.02637,1,81_SIN_22262$81f5a2a1-8ad6-420b-b549-8c09c62a25d1
0,0,0,0,1,0,0,0,0,0,1,0.891,0,0.5,0,0.5,-0.9375,0,0,-0.6,0,0,-1,0,0,-0.6,-0.2307,0.6113,0,0,0.02832,1,83_SAD_40525$985f1e7e-35a1-46af-b122-9d3e64eac407
0,0,0,0,0,0,0,0,0,0,0,0.5,0,0.5,0,0.5,-0.9375,0,0,-0.6,0,0,-1,0,0,-0.6,-0.2307,0,0,0,0.9004,1,64_RE_93777$fa09d759-826f-407c-9ba2-b654ecf5223c
0,0,0,0,0,0,0,0,0,0,0,0.5,0,0.5,0,0.5,-0.9375,0,0,-0.6,0,0,-1,0,1,1,0.615,0.4778,0,0.04443,0.1582,1,09_HE_27599$14f2f3f7-62ac-49a2-9700-397aaf31e5e2
0,0,0,0,0,0,0,0,0,0,0,0.5,0,0.5,0,0.5,-0.9375,0,0,-0.6,0,0,-1,1,0,-0.6,-0.2307,0,0.4666,0,0.4688,1,39_RE_95211$ac422504-4435-4b1a-9220-d2d296cdc0d6
0,0,0,0,0,0,0,1,1,0,0,0.5,1,0.4353,0,0.5,-0.9375,0,0,-0.6,0,0,-1,0,0,-0.6,-0.2307,0.622,0.01111,0.989,0.584,0,25_TA_07539$0fdd3c10-6b8d-489c-b435-0f50846613cf
0,0,1,0,0,0,0,0,0,0,0,0.5,0,0.5,0,0.5,-0.9375,0,0,-0.6,0,0,-1,0,0,-0.6,-0.2307,0,0,0.5225,0.922,1,79_HE_67898$b9be26fd-0933-4975-88d7-973371217e97
0,0,0,0,1,0,0,1,0,0,0,0.5,0,0.5,0,0.5,-0.9375,0,0,-0.6,0,0,-1,0,0,-0.6,-0.2307,0.1777,0,0,0.02051,1,03_HE_24329$6962bca6-92cd-4442-8b20-00e4c1a50c65
0,0,0,0,0,0,0,0,0,0,1,0.4617,0,0.5,0,0.5,-0.9375,0,0,-0.6,0,0,-1,1,0,-0.6,-0.2307,0,0,0,0.289,1,08_SIN_08720$b56ba64b-4e25-4f6a-aa4e-3f43b3287050
0,0,0,0,0,0,0,0,0,0,0,0.5,0,0.5,0,0.5,-0.9375,0,0,-0.6,0,0,-1,0,0,-0.6,-0.2307,0.6,0.778,0,0.9434,1,45_VAV_61359$387b825a-74e8-4680-b2cb-bb2c417128b2
0,0,1,0,0,0,0,0,0,0,0,0.5,0,0.5,0,0.5,-0.9375,0,0,-0.6,0,0,-1,0,0,-0.6,-0.2307,0,0,0,0.8613,1,31_LAM_03790$e3d696ad-ed7b-441a-88e7-74659fafe6a1
0,0,0,0,0,0,1,0,0,1,0,0.5,0,0.5,1,0.8794,0.25,0.2878,0,-0.6,0,0,-1,0,0,-0.6,-0.2307,0.8223,0,0.4666,0.6787,1,34_SAD_77891$66901220-5008-4d6a-8cd1-27cdc4b56a88
0,0,0,0,0,0,0,0,1,0,1,0.685,1,0.7646,0,0.5,-0.9375,0,0,-0.6,0,0,-1,0,0,-0.6,-0.2307,0.1444,0.8,0,0.2783,1,11_JIM_54925$517926e3-89ac-4486-8578-72c251d947b0
0,0,0,0,0,0,0,0,0,0,0,0.5,0,0.5,0,0.5,-0.9375,0,0,-0.6,0,0,-1,0,0,-0.6,-0.2307,0,0,0,0.4717,1,50_TE_13564$b4ca3d70-54e1-44e9-b061-3bf9042319e5
0,1,0,0,0,0,0,0,0,0,0,0.5,0,0.5,1,0.903,0.8125,0.4333,0,-0.6,0,0,-1,0,0,-0.6,-0.2307,0.422,0.03333,0,0.418,1,43_HE_92429$d4fa27a7-9272-4770-8916-e0389933501e
0,0,0,0,0,0,0,0,0,0,0,0.5,0,0.5,0,0.5,-0.9375,0,0,-0.6,0,0,-1,0,0,-0.6,-0.2307,0,0,0.4333,0.084,1,78_SAD_59589$0d6f2848-687f-4edc-b72b-edd449721f06
0,0,0,0,0,1,0,0,0,0,0,0.5,0,0.5,0,0.5,-0.9375,0,0,-0.6,0,0,-1,1,0,-0.6,-0.2307,0,0,0,0.4844,1,96_TE_92131$3ee2497a-58cc-4665-b06f-4530ca8dd2f9
0,0,0,0,0,0,0,0,0,0,0,0.5,0,0.5,0,0.5,-0.9375,0,0,-0.6,0,0,-1,1,0,-0.6,-0.2307,0,0.3555,0,0.4414,1,48_NON_26983$dcb58f5d-faa6-4358-ba23-ca4163a66f47
0,0,0,0,0,0,0,0,0,0,0,0.5,1,0.3618,0,0.5,-0.9375,0,0,-0.6,0,0,-1,0,0,-0.6,-0.2307,0,0.6777,0,0.5166,1,12_HE_90879$93cacbc2-f231-4bfa-a119-2eabac1a8cdc
0,0,0,0,0,0,0,0,0,0,0,0.5,0,0.5,0,0.5,-0.9375,0,0,-0.6,0,0,-1,0,0,-0.6,-0.2307,0,0.6665,0,0.827,1,75_LAM_48798$e271d4b1-4710-4b57-a275-ea3d7b84c9a1
0,1,0,0,1,0,1,0,0,0,0,0.5,0,0.5,0,0.5,-0.9375,0,0,-0.6,0,0,-1,0,0,-0.6,-0.2307,0.422,0,0.933,0.459,0,67_YE_67321$b0ff17ea-be8e-4d1c-9d7b-7ab9d7239b6c
0,0,0,0,0,0,0,0,0,0,0,0.5,0,0.5,0,0.5,-0.9375,0,0,-0.6,0,0,-1,0,0,-0.6,-0.2307,0,0,0.6113,0.6084,0,06_HE_02519$2164b242-c9e4-4d14-95e7-878e9991066c
0,0,0,0,1,0,0,0,0,1,0,0.5,0,0.5,0,0.5,-0.9375,0,0,-0.6,0,0,-1,0,0,-0.6,-0.2307,0.05554,0,0,0.42,1,50_SAD_95329$1bf6dc24-f58d-4f53-acc2-1c16e5e93595
0,0,0,0,0,0,0,0,0,0,0,0.5,0,0.5,0,0.5,-0.9375,0,0,-0.6,0,0,-1,0,0,-0.6,-0.2307,0.04443,0,0.211,0.0967,1,75_LAM_48484$44c651ca-7b02-4587-b9c9-55157b44b9a5
0,1,0,0,0,0,0,0,0,0,0,0.5,1,0.197,0,0.5,-0.9375,0,0,-0.6,0,0,-1,0,0,-0.6,-0.2307,0,0,0.4,0.9287,1,63_HE_57812$c82a5418-847a-46da-aeea-d72ae55fe6a1
0,0,0,0,0,0,0,0,0,0,0,0.5,1,0.715,0,0.5,-0.9375,0,0,-0.6,0,0,-1,1,0,-0.6,-0.2307,0.3445,0.711,0.589,0.541,1,38_VAV_18913$73d046be-dd49-4af7-9d96-f4c04b61d324
0,0,1,0,0,0,0,0,1,0,1,0.2705,0,0.5,0,0.5,-0.9375,0,0,-0.6,0,0,-1,0,0,-0.6,-0.2307,0,0.711,0,0.658,1,26_YE_05791$3bea0b5c-3ecd-4ac4-bb77-6c35c082dd8f
0,0,0,0,0,0,0,0,0,0,0,0.5,0,0.5,0,0.5,-0.9375,0,0,-0.6,0,0,-1,1,0,-0.6,-0.2307,0.1888,0,0,0.1523,1,84_SIN_64241$5aaabc6a-d11a-4df2-abb9-83bf89b10494
0,0,0,0,0,0,0,0,0,0,1,0.744,0,0.5,0,0.5,-0.9375,0,0,-0.6,0,0,-1,0,0,-0.6,-0.2307,0.04443,0,0,0.084,1,68_RE_44464$49bf440e-e316-49e1-9287-fd1bc6f39ea8
0,0,0,0,0,1,0,0,0,0,1,0.759,0,0.5,0,0.5,-0.9375,0,0,-0.6,0,0,-1,0,1,1,0,0.811,0.5557,0.656,0.9834,0,02_JIM_58032$b546a60c-c26a-4794-86e5-67ca837645da
0,0,1,0,0,0,0,1,0,0,0,0.5,0,0.5,0,0.5,-0.9375,0,0,-0.6,0,0,-1,0,0,-0.6,-0.2307,0.1666,0,0.7554,0.3594,0,07_MIM_46797$820a2de4-d00b-4518-bb1e-53e0d9b5da02
0,0,1,0,0,0,0,0,0,0,1,0.7764,0,0.5,0,0.5,-0.9375,0,0,-0.6,0,0,-1,1,0,-0.6,-0.2307,0,0.04443,0.2666,0.459,1,08_BE_85782$a8f0b5e3-e3a1-498e-b5a4-44b553a508f6
0,0,0,0,0,0,0,0,0,0,0,0.5,0,0.5,0,0.5,-0.9375,0,0,-0.6,0,0,-1,0,0,-0.6,-0.2307,0,0,0,0.9336,1,27_TE_11270$e607bce8-ef5d-4394-873e-96a3b47f1a73
0,0,1,0,0,0,1,0,0,0,0,0.5,0,0.5,0,0.5,-0.9375,0,0,-0.6,0,0,-1,0,0,-0.6,-0.2307,0.9443,0,0,0.4316,1,24_VAV_19582$2c861d49-f50e-417a-ae70-2b102773a59b
0,0,0,0,0,0,0,0,0,0,0,0.5,0,0.5,0,0.5,-0.9375,0,0,-0.6,0,0,-1,0,0,-0.6,-0.2307,0.2556,0.1,0,0.7705,1,11_VAV_77819$c3b38ce0-12b3-422f-952d-714db5173ca0
0,0,0,0,1,0,0,0,0,0,0,0.5,0,0.5,0,0.5,-0.9375,0,0,-0.6,0,0,-1,0,0,-0.6,-0.2307,0.389,0.3777,0,0.9463,1,25_HE_43079$5ff34244-be1f-4753-ab13-9caee608bf44
0,0,0,0,0,0,0,1,1,0,0,0.5,0,0.5,0,0.5,-0.9375,0,0,-0.6,0,0,-1,0,0,-0.6,-0.2307,0,0.622,0,0.7617,1,30_TE_27704$911202b4-20fa-492d-be66-6933ada199f8
0,0,0,0,0,0,0,0,0,0,0,0.5,0,0.5,0,0.5,-0.9375,0,0,-0.6,0,0,-1,0,0,-0.6,-0.2307,0.789,0.778,0.04443,0.668,1,36_SAD_90657$7c0e7f7f-7816-42f6-8e9a-9b1d5f38052f
0,0,0,1,0,0,0,0,0,0,0,0.5,0,0.5,0,0.5,-0.9375,0,0,-0.6,0,0,-1,0,0,-0.6,-0.2307,0,0,0,0.535,1,55_MIM_01389$7258a3b8-2263-4b37-a1f7-42d0fb9562cb
1,0,0,0,0,0,0,0,0,0,0,0.5,0,0.5,0,0.5,-0.9375,0,0,-0.6,0,0,-1,0,0,-0.6,-0.2307,0,0,0,0.6094,1,09_NON_97630$ea15d35f-1dd3-424b-93c3-bc5a96f7f113
0,0,0,0,0,0,0,0,0,0,0,0.5,0,0.5,0,0.5,-0.9375,0,0,-0.6,0,0,-1,0,0,-0.6,-0.2307,0.3,0,0,0.593,1,97_TE_65746$ebfb1537-e7a5-489c-9350-e90c9f3087f5
0,0,0,0,0,0,0,0,0,0,0,0.5,0,0.5,0,0.5,-0.9375,0,1,0.4888,0,0.4922,0.9766,0,0,-0.6,-0.2307,0,0,0,0.1572,1,21_TE_52361$b0614885-3e0d-4b1f-8e8c-a91ec5e3dc71
0,0,0,0,0,0,0,0,0,0,0,0.5,0,0.5,0,0.5,-0.9375,0,0,-0.6,0,0,-1,0,0,-0.6,-0.2307,0,0,0.8223,0.0957,0,79_EIN_79219$a8087e93-a67e-4968-bb63-207128490742
0,0,0,0,0,0,0,0,0,0,0,0.5,1,0,0,0.5,-0.9375,0,0,-0.6,0,0,-1,0,0,-0.6,-0.2307,0,0,0,0.4932,1,19_GHAF_16352$3398e0b8-3c08-4ad4-bcf5-2fa523a913ee
0,0,0,0,0,0,0,0,0,0,0,0.5,0,0.5,0,0.5,-0.9375,0,0,-0.6,0,0,-1,0,0,-0.6,-0.2307,0,0.6445,0.878,0.6826,0,07_HE_08881$ec83b998-87a7-4354-9043-f87399c12b2a
0,0,0,0,0,0,0,0,0,1,1,0.1353,0,0.5,0,0.5,-0.9375,0,0,-0.6,0,0,-1,0,0,-0.6,-0.2307,0,0,0,0.9746,1,61_MIM_39117$dca258d8-6616-4e36-87c9-d9da3cefa9fa
1,0,0,0,0,0,1,0,0,0,0,0.5,0,0.5,0,0.5,-0.9375,0,0,-0.6,0,0,-1,0,1,0.8,0.3076,0,0,0,0.6914,1,73_DAL_32485$827a8d59-a7de-4bb8-94c6-dd95e0216f4b
0,0,0,0,0,0,0,0,0,0,0,0.5,0,0.5,0,0.5,-0.9375,0,0,-0.6,0,0,-1,0,1,0.2,0.923,0,0,0,0.504,1,71_WHEEL_88944$401816d8-f61f-4f69-b562-f786fbbbbca7
0,1,0,0,1,0,0,0,0,0,0,0.5,0,0.5,0,0.5,-0.9375,0,0,-0.6,0,0,-1,0,1,0.4,0.3076,0.989,0,0.778,0.5244,0,47_VAV_53054$db60a8d6-083b-4b26-a96f-93425fdece34
0,0,0,0,0,0,0,0,1,0,0,0.5,0,0.5,0,0.5,-0.9375,0,0,-0.6,0,0,-1,1,0,-0.6,-0.2307,0.08887,0.9556,0.1333,0.708,1,36_NON_02840$19fed233-fe85-4e5e-8c7d-bffd19f717f1
0,0,0,0,0,0,0,0,0,0,0,0.5,0,0.5,0,0.5,-0.9375,0,0,-0.6,0,0,-1,0,0,-0.6,-0.2307,0.656,0,0.722,0.4512,0,43_SAD_20539$3885e9dc-97e7-43d4-b6e4-a51bf67bd7f0
0,0,0,0,0,0,0,0,0,0,0,0.5,0,0.5,0,0.5,-0.9375,0,0,-0.6,0,0,-1,0,0,-0.6,-0.2307,0,0,0,0.2324,1,43_JIM_85388$f2228ae7-f7c3-4e13-b934-ae6e3167a859
0,0,0,0,0,0,0,0,0,0,0,0.5,1,0.6704,0,0.5,-0.9375,0,0,-0.6,0,0,-1,0,0,-0.6,-0.2307,0,0.07776,0,0.1309,1,74_EIN_45068$f9162920-d9cb-46bd-89a9-bac113324e5e
0,0,0,0,0,0,0,0,0,0,0,0.5,0,0.5,0,0.5,-0.9375,0,0,-0.6,0,0,-1,0,0,-0.6,-0.2307,0.8555,0,0,0.58,1,89_TA_20908$8ec99416-7ecf-4728-b1ff-a18360cd267b
0,0,0,0,0,0,0,0,0,0,0,0.5,1,0.7617,0,0.5,-0.9375,0,0,-0.6,0,0,-1,0,0,-0.6,-0.2307,0,0,0.3445,0.2441,1,09_EIN_95657$5a67328f-d05f-47a2-8dc4-4f86e49548e1
0,0,0,0,0,0,0,0,0,0,0,0.5,0,0.5,1,0.1059,0.4375,0.6064,1,0.7993,1,0.0781,0.4375,0,0,-0.6,-0.2307,0,0,0,0.963,1,83_SAD_70440$3cfbf3fb-0125-4ea5-b805-59d5efed754f
0,1,0,1,0,0,0,0,0,0,0,0.5,0,0.5,1,0.5825,0.3125,0.774,0,-0.6,0,0,-1,0,0,-0.6,-0.2307,0,0,0.4443,0.5557,1,93_SAD_04654$b6ebfc72-8a44-4a4c-a87d-8f156ce7f16b
0,0,1,0,0,0,0,0,0,0,0,0.5,0,0.5,1,0.02058,0,0.6636,0,-0.6,0,0,-1,0,0,-0.6,-0.2307,0,0,0,0.741,1,84_NON_73034$d1ec8e09-68cf-4146-9c63-9a15683defe1
0,0,0,0,0,0,0,0,0,0,0,0.5,0,0.5,0,0.5,-0.9375,0,0,-0.6,0,0,-1,0,0,-0.6,-0.2307,0.7666,0,0,0.497,1,55_MIM_92097$c555d4f3-79d0-424d-9cb7-062939144919
0,0,0,0,0,0,0,1,0,0,0,0.5,0,0.5,1,0.5205,0.75,0.51,0,-0.6,0,0,-1,0,0,-0.6,-0.2307,0,0,0.01111,0.6846,1,00_SAD_76248$2c6d2b49-3c89-4b0f-8ecd-e68e0133b1b9
0,0,0,1,0,0,0,0,0,0,0,0.5,0,0.5,0,0.5,-0.9375,0,1,0.557,1,0.7344,0.828,1,0,-0.6,-0.2307,0.1444,0.1,0.1333,0.4766,0,37_DAL_82260$820c440b-c129-4a4b-b48c-33edeef3826e
0,0,0,0,0,0,0,0,0,0,0,0.5,0,0.5,0,0.5,-0.9375,0,0,-0.6,0,0,-1,0,0,-0.6,-0.2307,0,0,0,0.1387,1,37_SAD_42248$6a577cb3-fb93-4fac-b716-ca4a98fd9a9d
0,0,0,0,0,0,1,1,0,0,0,0.5,0,0.5,0,0.5,-0.9375,0,0,-0.6,0,0,-1,0,0,-0.6,-0.2307,0,0,0,0.705,1,15_VAV_80725$dd03f5d5-b444-4e6e-ab64-e61d50ed02ad
0,0,0,0,0,0,0,0,0,0,0,0.5,0,0.5,0,0.5,-0.9375,0,0,-0.6,0,0,-1,0,0,-0.6,-0.2307,0.711,0,0.5444,0.1523,0,72_TE_13814$445fafe8-4bd3-4e79-b4bd-9c6785d3ce46
0,0,1,1,0,0,0,0,0,0,0,0.5,0,0.5,0,0.5,-0.9375,0,0,-0.6,0,0,-1,0,0,-0.6,-0.2307,0.4333,0,0,0.6523,1,78_TE_56510$469e7fd6-84b4-42cd-90c6-a57670492206
0,0,0,0,0,0,0,0,0,0,0,0.5,1,0.08527,0,0.5,-0.9375,0,0,-0.6,0,0,-1,0,1,0.4,0.769,0,0,0.2556,0.254,1,49_SAD_33534$f3e96b05-c386-4edb-a024-d268f13096c8
1,0,0,0,0,0,0,0,0,0,0,0.5,0,0.5,0,0.5,-0.9375,0,0,-0.6,0,0,-1,0,0,-0.6,-0.2307,0,0,0,0.4727,1,34_GHAF_81503$38e6a805-5db8-4097-be47-cb8ef99461d4
0,0,0,0,1,0,0,0,0,0,1,0.0353,0,0.5,0,0.5,-0.9375,0,0,-0.6,0,0,-1,0,1,0,0.923,0,0,0.211,0.8066,1,85_GHAF_97393$8a330d85-c6f0-432c-9940-da4bae29f14b
0,0,0,0,0,0,0,0,0,0,0,0.5,0,0.5,0,0.5,-0.9375,0,0,-0.6,0,0,-1,0,0,-0.6,-0.2307,0.589,0,0.1666,0.533,1,84_EIN_64461$23583300-a333-49a4-85d9-d3a758c30fe2
0,0,0,0,0,0,0,0,0,0,0,0.5,0,0.5,1,0.3823,0.1875,0.3208,0,-0.6,0,0,-1,0,0,-0.6,-0.2307,0,0.6,0,0.1504,1,80_EIN_34715$de5983c1-f843-4a30-98ec-5403138b22bf
0,0,0,0,0,0,0,0,0,0,0,0.5,0,0.5,0,0.5,-0.9375,0,0,-0.6,0,0,-1,0,0,-0.6,-0.2307,0.2,0,0,0.5947,1,45_DAL_38824$ae368a03-bde4-42c3-8d99-b53fca66a3d6
0,1,0,0,0,0,0,0,1,0,0,0.5,0,0.5,0,0.5,-0.9375,0,0,-0.6,0,0,-1,0,1,0.6,0.615,0,0.8555,0.933,0.6816,0,95_GHAF_21175$0619169d-9af2-4af0-ab5e-8f8b981fd7aa
0,0,0,0,0,0,0,0,0,0,0,0.5,0,0.5,0,0.5,-0.9375,0,0,-0.6,0,0,-1,0,0,-0.6,-0.2307,0,0,0.967,0.9824,0,37_SIN_03600$0ce3198a-96cd-4f4a-91cc-317ea2ae0cd2
1,1,0,0,0,0,1,0,0,0,0,0.5,0,0.5,0,0.5,-0.9375,0,0,-0.6,0,0,-1,0,0,-0.6,-0.2307,0,0,0,0.991,1,00_TE_16665$47832e35-29e6-44c6-9bb1-39ad48d64a27
0,0,0,0,0,0,0,0,0,0,0,0.5,0,0.5,0,0.5,-0.9375,0,0,-0.6,0,0,-1,0,0,-0.6,-0.2307,0.1555,0,0.722,0.3662,0,72_EIN_96981$70630b59-af2e-4e54-ba03-b8867891ef5f
0,0,0,0,0,0,0,0,0,0,0,0.5,1,0.2118,0,0.5,-0.9375,0,0,-0.6,0,0,-1,0,0,-0.6,-0.2307,0,0.511,0,0.9453,1,64_LAM_69599$90d15bea-f8d2-4bc4-86ff-f728c953e83c
0,1,0,0,0,0,0,0,0,0,0,0.5,0,0.5,0,0.5,-0.9375,0,0,-0.6,0,0,-1,0,0,-0.6,-0.2307,0.844,0,0,0.1406,1,42_MIM_05609$733d531c-6f5f-4671-9544-cedf69a1893b
0,0,1,0,0,0,0,0,0,0,0,0.5,0,0.5,0,0.5,-0.9375,0,0,-0.6,0,0,-1,1,1,1,0.1538,0,0,0.8223,0.874,0,83_SAD_27613$94a335a0-86f0-48a9-833f-35defada00dc
0,0,0,0,0,0,0,0,0,0,0,0.5,0,0.5,0,0.5,-0.9375,0,0,-0.6,0,0,-1,0,0,-0.6,-0.2307,0,0,0,0.7793,1,70_EIN_28273$5a42ccb7-b853-495b-a1d9-fec42f835869
0,0,1,0,0,0,0,0,0,0,0,0.5,0,0.5,0,0.5,-0.9375,0,0,-0.6,0,0,-1,0,0,-0.6,-0.2307,0,0.2333,0,0.3281,1,49_SAD_35963$5dc487d9-f2b7-4791-a2eb-b34dd7b3a113
0,0,0,0,0,0,0,0,0,0,0,0.5,0,0.5,0,0.5,-0.9375,0,0,-0.6,0,0,-1,0,0,-0.6,-0.2307,0,0.2666,0,0.5,1,22_SAD_07806$6bc8134c-fe86-43b2-9504-59f41e6851d2
0,1,0,0,0,0,0,0,0,0,0,0.5,0,0.5,0,0.5,-0.9375,0,0,-0.6,0,0,-1,0,0,-0.6,-0.2307,0.311,0.2222,0,0.786,1,19_HE_07293$1177cda0-a123-4826-915c-a3f6651327ae
0,0,0,1,0,0,0,0,0,0,1,0.7676,0,0.5,0,0.5,-0.9375,0,0,-0.6,0,0,-1,0,0,-0.6,-0.2307,0.3667,0,0,0.624,1,67_MIM_20347$fa426a93-a954-464b-90de-b13efc74122a
0,0,0,0,0,0,0,0,0,0,0,0.5,1,0.4795,0,0.5,-0.9375,0,0,-0.6,0,0,-1,0,0,-0.6,-0.2307,0.3,0.6665,0,0.866,1,07_MIM_65612$3a8450e9-8510-4367-bf0b-f8436a563f2c
0,0,0,0,0,1,0,0,0,0,0,0.5,0,0.5,0,0.5,-0.9375,0,0,-0.6,0,0,-1,0,0,-0.6,-0.2307,0,0,0.2666,0.02832,1,27_MIM_62906$212c3df4-fa5f-4700-8e84-d05cde0ec135
0,0,0,0,0,0,0,0,0,0,0,0.5,0,0.5,0,0.5,-0.9375,0,0,-0.6,0,0,-1,1,1,0.2,0.923,0.567,0,0,0.8115,1,56_BE_92517$73000d77-5792-4845-909b-045acb451907
0,0,0,0,0,0,0,0,0,0,0,0.5,0,0.5,0,0.5,-0.9375,0,0,-0.6,0,0,-1,0,1,0.8,0,0.422,0.5225,0,0.549,1,64_GHAF_76753$b116b5f9-1f05-4f8b-a8b8-9dfb373689f9
0,0,0,0,0,0,0,1,0,0,0,0.5,0,0.5,0,0.5,-0.9375,0,0,-0.6,0,0,-1,0,0,-0.6,-0.2307,0,0,0,0.5527,1,51_RE_07648$db99acfc-370d-4981-9176-279f3bcbfdea
0,0,0,0,0,0,0,0,1,0,0,0.5,0,0.5,1,0.6587,1,0.611,0,-0.6,0,0,-1,1,0,-0.6,-0.2307,0.2666,0.9775,0.533,0.5273,1,39_EIN_12033$a99ad2c8-018d-4854-9263-7d2d696278a4
0,0,0,0,0,0,0,0,0,0,0,0.5,0,0.5,0,0.5,-0.9375,0,0,-0.6,0,0,-1,0,0,-0.6,-0.2307,0,0,0.1222,0.784,1,15_BE_60268$ded2fcf0-7d34-4558-bd33-61d2a77a60ce
0,0,0,0,0,0,0,0,1,0,0,0.5,0,0.5,0,0.5,-0.9375,0,1,0.9233,0,0.9766,0.5234,0,0,-0.6,-0.2307,0,0,0,0.758,1,81_SAD_77877$720959dc-6503-4a71-bc7f-1cd9049a45f9
1,0,0,0,0,0,0,0,0,0,0,0.5,0,0.5,0,0.5,-0.9375,0,0,-0.6,0,0,-1,0,0,-0.6,-0.2307,0.311,0,0,0.7764,1,78_VAV_54004$a666a256-1f8f-42ee-9306-51d0efd92035
0,0,0,0,0,1,0,1,0,0,0,0.5,0,0.5,0,0.5,-0.9375,0,0,-0.6,0,0,-1,1,0,-0.6,-0.2307,0,0.8887,0,0.459,1,83_NON_28381$7652d0fb-45e2-4e58-8e88-6878ca5ee610
0,0,0,0,0,0,0,0,0,0,0,0.5,0,0.5,0,0.5,-0.9375,0,0,-0.6,0,0,-1,0,0,-0.6,-0.2307,0.08887,0.6665,0,0.626,1,12_WHEEL_70200$0054a75b-0773-4630-a6d9-1af8ec699953
0,0,1,0,0,0,0,0,0,0,0,0.5,0,0.5,0,0.5,-0.9375,0,0,-0.6,0,0,-1,0,0,-0.6,-0.2307,0,0.1111,0,0.7686,1,92_GHAF_81963$266be255-8ea9-4306-8394-37657210e149
0,0,0,0,0,0,0,0,0,0,0,0.5,0,0.5,0,0.5,-0.9375,0,0,-0.6,0,0,-1,0,0,-0.6,-0.2307,0.567,0.844,0,0.58,1,14_VAV_12336$242a22e9-ff03-4930-9cbe-0267fe471bc7
0,0,0,0,0,0,0,0,0,0,0,0.5,0,0.5,0,0.5,-0.9375,0,0,-0.6,0,0,-1,0,0,-0.6,-0.2307,0,0,0.511,0.91,1,98_SAD_17962$40b53704-1740-46df-bb7f-a6cae26b411c
0,0,0,0,0,0,0,0,0,0,0,0.5,0,0.5,0,0.5,-0.9375,0,0,-0.6,0,0,-1,0,0,-0.6,-0.2307,0,0,0,0.6104,1,20_RE_45850$8db49468-3bb9-4c4e-9556-f57540ec8752
0,0,0,0,0,0,0,0,0,0,0,0.5,0,0.5,0,0.5,-0.9375,0,0,-0.6,0,0,-1,0,0,-0.6,-0.2307,0.3667,0.4443,0.422,0.05664,1,04_NON_33253$273cd946-f526-4f7d-abb1-40d344da3ec7
0,0,0,0,0,0,0,0,0,0,0,0.5,0,0.5,0,0.5,-0.9375,0,0,-0.6,0,0,-1,0,0,-0.6,-0.2307,0,0,0,0.3105,1,80_BE_96810$27a51a11-2ad5-440e-8867-8abed88d600f
0,1,0,0,0,1,0,0,0,0,0,0.5,0,0.5,0,0.5,-0.9375,0,0,-0.6,0,0,-1,1,0,-0.6,-0.2307,0.03333,0,0.1222,0.7344,1,78_SIN_58226$962cd17d-5673-483d-940c-3aee1859aad5
0,0,0,0,0,0,0,0,0,0,0,0.5,0,0.5,0,0.5,-0.9375,0,0,-0.6,0,0,-1,0,1,0.2,0,0,0,0.711,0.4639,0,65_YE_48713$0fc2e48c-2282-4cdd-9899-77988b814edd
0,0,0,0,0,1,0,0,0,0,0,0.5,0,0.5,0,0.5,-0.9375,0,0,-0.6,0,0,-1,0,0,-0.6,-0.2307,0,0,0.9556,0.7744,0,86_BE_13669$50bb6073-41af-455d-92c8-4a7bfaaa7e7e
0,0,0,1,1,0,0,0,0,0,0,0.5,1,0.05588,0,0.5,-0.9375,0,0,-0.6,0,0,-1,0,0,-0.6,-0.2307,0,0.844,0.211,0.5166,1,14_EIN_31150$f0b822d1-8f9e-4a31-a1b8-dd499f233045
0,0,0,0,0,0,0,0,0,0,0,0.5,0,0.5,0,0.5,-0.9375,0,0,-0.6,0,0,-1,1,0,-0.6,-0.2307,0,0,0,0.1641,1,85_EIN_10399$d97c6206-52a3-42f4-a25c-2891e98dc91f
0,1,0,0,0,0,0,0,0,0,0,0.5,1,0.6323,0,0.5,-0.9375,0,0,-0.6,0,0,-1,0,1,0.2,0.4614,0,0.3555,0.4778,0.9746,1,23_BE_65645$c7b7ff14-ed68-475f-8ca2-a3902771a28a
1,0,0,0,0,0,0,0,0,0,0,0.5,0,0.5,0,0.5,-0.9375,0,0,-0.6,0,0,-1,0,0,-0.6,-0.2307,0.422,0.911,0.4333,0.2236,1,34_TE_46394$94b82f0e-b78d-4404-bb63-9905c7429382
0,0,0,0,0,0,0,0,1,0,1,0.8115,0,0.5,0,0.5,-0.9375,0,0,-0.6,0,0,-1,0,0,-0.6,-0.2307,0,0,0,0.789,1,29_GHAF_41025$48313aeb-5fa0-4393-9027-0a1255dac4b0
0,0,0,0,0,0,0,0,0,0,0,0.5,0,0.5,0,0.5,-0.9375,0,0,-0.6,0,0,-1,0,0,-0.6,-0.2307,0,0,0,0.589,1,54_HE_78566$74a44497-fad0-4579-bd56-13ac6b21b182
0,1,0,0,0,0,0,0,0,0,0,0.5,0,0.5,1,0.535,0.1875,0.4644,1,0.7925,0,0.867,0.7188,0,0,-0.6,-0.2307,0,0,0.5225,0.00586,1,96_YE_83050$3a6747db-af6f-4139-a411-df0cb065bcee
0,0,0,0,0,0,0,0,0,0,0,0.5,0,0.5,0,0.5,-0.9375,0,0,-0.6,0,0,-1,0,0,-0.6,-0.2307,0,0.3777,0.7446,0.4336,0,12_EIN_20861$fa07c0bc-44c2-4e49-ad00-4306abe9a07c
0,0,0,0,0,0,1,0,0,0,0,0.5,0,0.5,1,0.253,0.25,0.5845,0,-0.6,0,0,-1,0,0,-0.6,-0.2307,0,0,0,0.07324,1,06_DAL_70484$fd758eea-86fd-4fe7-9bb4-36fe1e70237f
0,0,1,0,0,0,0,0,0,0,0,0.5,0,0.5,0,0.5,-0.9375,0,0,-0.6,0,0,-1,0,1,1,0.923,0,0,0,0.07324,1,79_JIM_26689$ab7dcbd2-cfc3-49cf-a977-05c9c057f42a
0,0,0,0,0,0,0,0,0,0,0,0.5,0,0.5,0,0.5,-0.9375,0,0,-0.6,0,0,-1,0,0,-0.6,-0.2307,0.311,0,0,0.753,1,03_TE_86170$ea582eb7-5d0c-43d4-8605-c724f6c3091e
0,0,0,0,0,0,0,0,0,0,0,0.5,0,0.5,0,0.5,-0.9375,0,0,-0.6,0,0,-1,0,0,-0.6,-0.2307,0,0,0,0.2383,1,75_VAV_28407$241dcaf3-1dd6-41df-b50e-240e18d31ebe
0,0,1,0,0,0,0,0,0,0,0,0.5,0,0.5,1,0.862,0.4375,0.3708,1,0.4644,1,0.8984,0.3828,0,0,-0.6,-0.2307,0,0.04443,0,0.955,1,50_EIN_69089$042804e4-41d2-4f2b-980e-49720d551af6
0,0,0,0,0,0,0,0,0,0,0,0.5,0,0.5,0,0.5,-0.9375,0,0,-0.6,0,0,-1,0,0,-0.6,-0.2307,0.06665,0.711,0.8667,0.05664,0,05_NON_99392$645f59dc-56f6-4eba-8ddc-d090fec8c073
0,0,1,0,0,0,0,1,0,0,0,0.5,0,0.5,0,0.5,-0.9375,0,0,-0.6,0,0,-1,1,0,-0.6,-0.2307,0.2778,0.7,0.01111,0.755,1,48_BE_80940$dbb0c38c-9e19-4c87-8573-ac06699055f3
0,0,0,0,0,1,0,0,0,0,1,0.6943,0,0.5,0,0.5,-0.9375,0,0,-0.6,0,0,-1,0,0,-0.6,-0.2307,0.05554,0,0,0.2363,1,41_BE_33155$60aa7550-68e6-46d2-9748-75b41eb197c1
0,0,0,0,0,1,0,1,1,0,0,0.5,0,0.5,0,0.5,-0.9375,0,0,-0.6,0,0,-1,0,0,-0.6,-0.2307,0,0.8887,0.4888,0.08496,0,96_NON_14832$7bd95e8a-0d92-479c-a4e2-7bc8890d513d
0,0,0,0,0,0,0,0,0,0,0,0.5,0,0.5,0,0.5,-0.9375,0,0,-0.6,0,0,-1,0,0,-0.6,-0.2307,0.3,0,0.6113,0.3047,0,42_SAD_88091$6575087e-8b92-4800-a14b-0cee5d8f769d
1,0,0,0,0,0,0,0,0,0,0,0.5,0,0.5,0,0.5,-0.9375,0,0,-0.6,0,0,-1,0,1,0,0.615,0,0.622,0,0.412,1,07_RE_62405$47a42eea-f637-4fd0-ae08-5c70dc8165ed
1,0,0,0,0,0,0,0,0,0,1,0.0794,0,0.5,0,0.5,-0.9375,0,0,-0.6,0,0,-1,0,1,0.8,0.769,0.9224,0.5557,0.967,0.793,0,00_RE_84195$855515e1-e704-47d7-83c6-d2da55168f4d
0,0,0,0,0,0,0,0,0,0,0,0.5,0,0.5,0,0.5,-0.9375,0,0,-0.6,0,0,-1,0,0,-0.6,-0.2307,0,0.5776,0,0.798,1,44_NON_43582$c5a14ba7-65f8-478d-af5a-ab1cad143b4a
0,0,0,0,0,0,0,0,0,0,0,0.5,0,0.5,0,0.5,-0.9375,0,1,0.7476,0,0.3203,0.8984,0,0,-0.6,-0.2307,0.1111,0.7,0,0.589,1,40_TA_97029$85589119-78c6-46c1-845b-62e85da67f4a
0,0,0,0,0,0,0,0,0,0,1,0.3618,1,0.6733,0,0.5,-0.9375,0,0,-0.6,0,0,-1,0,0,-0.6,-0.2307,0,0.389,0,0.2637,1,22_RE_43616$0b333bdb-26f5-45be-b5af-6aa42d3225d5
0,0,0,0,0,0,0,0,0,0,0,0.5,0,0.5,0,0.5,-0.9375,0,0,-0.6,0,0,-1,0,0,-0.6,-0.2307,0.1666,0.9443,0.7666,0.2295,0,44_WHEEL_13278$afd599c3-a20b-453d-b46e-4550d9715b53
0,1,0,0,0,1,0,0,0,0,0,0.5,0,0.5,0,0.5,-0.9375,0,0,-0.6,0,0,-1,0,0,-0.6,-0.2307,0,0.9443,0,0.1602,1,29_DAL_17104$40f6fb4b-d9e1-4400-8874-64c2e7efba3c
1,0,0,0,0,0,0,0,0,1,0,0.5,0,0.5,0,0.5,-0.9375,0,0,-0.6,0,0,-1,0,0,-0.6,-0.2307,0,0,0,0.1621,1,99_TE_14155$306a2152-9aa7-4287-ad7b-2fe9f2c3bc3c
0,0,0,0,0,0,0,0,0,0,0,0.5,0,0.5,0,0.5,-0.9375,0,0,-0.6,0,0,-1,0,1,0.8,0.769,0,0,0,0.166,1,87_SIN_34690$131f3ee8-b658-40b9-a0d4-293ee483828a
0,0,0,0,0,0,0,0,0,0,0,0.5,0,0.5,1,0.7617,0.3125,0.7466,0,-0.6,0,0,-1,0,0,-0.6,-0.2307,0.4111,0.811,0,0.3965,1,35_VAV_85271$18cbd420-a00f-403f-98fb-916a4f4c4401
0,0,0,0,0,0,0,0,0,0,0,0.5,0,0.5,1,0.7617,0.625,0.979,0,-0.6,0,0,-1,0,0,-0.6,-0.2307,0,0,0,0.5264,1,81_YE_09054$a7b120bf-05da-4938-bc07-973c3e4ac62e
0,0,0,0,0,0,1,0,0,0,0,0.5,0,0.5,0,0.5,-0.9375,0,0,-0.6,0,0,-1,1,0,-0.6,-0.2307,0.1,0.389,0.9443,0.6465,0,84_WHEEL_15063$f3691268-7a89-44eb-b427-d6ddbafaf850
0,0,0,0,0,1,0,0,0,0,0,0.5,0,0.5,0,0.5,-0.9375,0,1,0.945,1,0.5625,0.09375,0,0,-0.6,-0.2307,0,0,0,0.8467,1,92_SIN_00968$3fe32faf-aa10-462e-9f69-ebf8e916c6b1
0,1,0,0,0,0,1,0,0,0,0,0.5,1,0.2793,0,0.5,-0.9375,0,0,-0.6,0,0,-1,0,0,-0.6,-0.2307,0.311,0,0,0.3936,0,29_VAV_33199$74a16fad-797a-4558-8680-5a695642463e
0,0,0,0,0,0,0,0,0,0,0,0.5,0,0.5,0,0.5,-0.9375,0,0,-0.6,0,0,-1,0,0,-0.6,-0.2307,0.9556,0,0.1333,0.7266,1,13_HE_14309$a7a695af-fe21-4390-9161-d64c71df171c
0,0,0,0,0,0,0,0,0,0,0,0.5,0,0.5,0,0.5,-0.9375,0,0,-0.6,0,0,-1,0,1,1,0.1538,0.533,0,0.5,0.03223,1,86_JIM_96937$361408d1-866e-4d1d-8830-4b25e8499e9c
0,0,0,0,0,0,0,0,0,0,0,0.5,0,0.5,0,0.5,-0.9375,0,0,-0.6,0,0,-1,0,0,-0.6,-0.2307,0.5776,0.622,0.778,0.2598,0,54_YE_94270$d957bf89-5396-4609-aeb7-a1b7972bd55f
0,1,0,0,0,0,0,0,1,0,0,0.5,0,0.5,0,0.5,-0.9375,0,0,-0.6,0,0,-1,0,0,-0.6,-0.2307,0,0,0,0.3398,1,08_EIN_80189$df87e789-8292-49b4-8532-fa7805523149
0,0,0,0,0,0,0,0,0,0,0,0.5,0,0.5,0,0.5,-0.9375,0,1,0.1528,0,0.1797,0.617,0,0,-0.6,-0.2307,0.8887,0,0,0.126,1,17_JIM_91539$6edd6c4b-0b14-40b5-9da9-e6d262fb1258
0,0,0,0,0,0,0,1,0,0,0,0.5,0,0.5,0,0.5,-0.9375,0,0,-0.6,0,0,-1,0,0,-0.6,-0.2307,0.2,0,0,0.7666,1,91_SAD_25826$2ae2c32a-92cc-4247-9fad-d6d9f118446f
0,0,0,0,0,0,0,0,0,0,0,0.5,0,0.5,0,0.5,-0.9375,0,0,-0.6,0,0,-1,0,0,-0.6,-0.2307,0,0,0,0.3193,1,21_TA_57074$6c9fe85d-81ba-477b-b552-e13c5aa515be
0,0,0,0,0,0,0,0,0,0,0,0.5,0,0.5,0,0.5,-0.9375,0,0,-0.6,0,0,-1,0,0,-0.6,-0.2307,0,0,0,0.126,1,47_SIN_92894$0db0d0bf-11a1-4d17-afa8-13debe7f785b
0,0,0,0,0,0,0,0,0,0,0,0.5,0,0.5,0,0.5,-0.9375,0,0,-0.6,0,0,-1,0,0,-0.6,-0.2307,0,0,0.5776,0.619,0,38_DAL_34212$0b7f2253-0d24-4a08-b86f-ff9a2b211bf4
0,0,0,0,0,0,1,0,0,0,1,0.4795,0,0.5,0,0.5,-0.9375,0,0,-0.6,0,0,-1,0,0,-0.6,-0.2307,0.8335,0,0,0.5254,1,66_TE_04295$286390f8-41f7-4d79-9a37-c5ec1a7b6f60
0,0,0,0,0,0,1,0,0,0,0,0.5,0,0.5,0,0.5,-0.9375,0,0,-0.6,0,0,-1,0,1,0,0.1538,0,0.1888,0,0.759,1,31_VAV_30193$5d442d02-2967-4bfe-a6c0-ad5b6f84ee0f
0,1,1,0,0,0,1,0,0,0,0,0.5,0,0.5,0,0.5,-0.9375,0,0,-0.6,0,0,-1,0,0,-0.6,-0.2307,0,0,0,0.03906,1,23_JIM_26985$e408b351-c6ea-4475-9be3-b0bfda5e231b
0,0,0,0,0,0,0,0,1,0,0,0.5,0,0.5,1,0.4353,1,0.611,1,0.3013,1,0.961,0.586,0,0,-0.6,-0.2307,0,0.5444,0.1777,0.6094,1,06_NON_03737$f66928ba-d7b3-47e2-a0f1-ceb61af2ae19
0,0,0,0,0,0,0,0,0,0,0,0.5,0,0.5,0,0.5,-0.9375,0,0,-0.6,0,0,-1,0,0,-0.6,-0.2307,0,0,0,0.832,1,96_VAV_51916$f5377e66-d1e1-4a3c-922b-e67e59a9b1ba
0,0,0,0,0,0,0,0,0,0,0,0.5,0,0.5,0,0.5,-0.9375,0,0,-0.6,0,0,-1,0,0,-0.6,-0.2307,0,0,0,0.2754,1,70_NON_74774$e2973ee4-b932-42e0-923f-3a362d7899e5
0,0,0,0,0,0,0,0,1,0,1,0.1824,0,0.5,0,0.5,-0.9375,0,0,-0.6,0,0,-1,0,1,0,0.1538,0,0,0.622,0.03418,1,00_TE_31918$147e47d4-cdea-4bb5-8a95-afc6cafedf87
0,0,0,0,0,0,0,0,1,0,1,0.856,1,0.8296,0,0.5,-0.9375,0,0,-0.6,0,0,-1,0,0,-0.6,-0.2307,0,0,0.8223,0.6025,0,52_GHAF_38186$57539970-005f-4699-94ad-17a3a54f5d65
0,0,0,0,0,0,0,0,0,0,0,0.5,0,0.5,0,0.5,-0.9375,0,0,-0.6,0,0,-1,0,0,-0.6,-0.2307,0,0,0.05554,0.01465,1,52_GHAF_41242$ce3b387e-534f-4faf-bcd3-8a6e901fddda
1,0,0,0,0,0,0,0,0,0,0,0.5,0,0.5,0,0.5,-0.9375,0,0,-0.6,0,0,-1,0,0,-0.6,-0.2307,0,0.8335,0.7334,0.995,0,97_VAV_36352$eda65315-3b4e-4711-a874-8a344ab89560
0,0,0,0,0,0,0,0,0,0,0,0.5,0,0.5,0,0.5,-0.9375,0,0,-0.6,0,0,-1,0,0,-0.6,-0.2307,0.4888,0,0.2888,0.1729,1,02_SAD_01247$8fbba774-436d-4f64-ac31-58dbfd6eebcb
0,0,0,0,0,0,0,0,1,0,0,0.5,0,0.5,0,0.5,-0.9375,0,0,-0.6,0,0,-1,1,1,0.4,0.1538,0.4333,0,0.4443,0.08887,1,01_LAM_97915$6dda5dc9-21bb-4988-8443-c16473988ef3
0,0,0,0,0,1,0,0,0,0,0,0.5,0,0.5,0,0.5,-0.9375,0,0,-0.6,0,0,-1,0,0,-0.6,-0.2307,0,0.1,0.5557,0.998,0,31_DAL_77382$0d2a702e-3fb8-4bc9-b3a5-cff9b4f08b1b
0,0,0,0,0,0,0,0,0,0,0,0.5,0,0.5,0,0.5,-0.9375,0,0,-0.6,0,0,-1,0,0,-0.6,-0.2307,0.7666,0.6113,0,0.1992,1,82_SAD_16093$f9e0a50b-ae6e-40db-bef9-90a1eb6c209f
0,0,0,0,0,1,0,0,0,0,1,0.2383,1,0.6914,0,0.5,-0.9375,0,0,-0.6,0,0,-1,0,0,-0.6,-0.2307,0,0.01111,0,0.6934,1,56_TA_59091$fc2ccee4-db91-4c8d-a657-1be38f705224
0,1,0,0,0,0,0,0,0,0,0,0.5,0,0.5,0,0.5,-0.9375,0,0,-0.6,0,0,-1,0,0,-0.6,-0.2307,0.511,0,0.567,0.885,0,40_GHAF_82319$c17f3c94-0173-4e9a-84f4-53fd08c68637
0,0,0,0,0,0,0,0,0,0,0,0.5,0,0.5,0,0.5,-0.9375,0,0,-0.6,0,0,-1,0,0,-0.6,-0.2307,0.211,0,0,0.535,1,58_YE_25144$b09c2cf2-0d29-4a2c-81fc-bef5474cff16
1,0,0,0,0,0,0,0,0,0,0,0.5,0,0.5,0,0.5,-0.9375,0,0,-0.6,0,0,-1,1,0,-0.6,-0.2307,0,0,0,0.5107,1,02_JIM_16440$6318e34b-376c-4e08-8386-e7c0cfb88ff9
1,0,0,0,0,0,0,0,0,0,0,0.5,0,0.5,0,0.5,-0.9375,0,0,-0.6,0,0,-1,0,0,-0.6,-0.2307,0.5225,0,0.9,0.3945,0,87_VAV_60818$54604b91-eb09-4287-92b3-c7d3c6e2b2b2
0,0,0,0,0,0,0,0,0,0,0,0.5,0,0.5,0,0.5,-0.9375,0,0,-0.6,0,0,-1,0,0,-0.6,-0.2307,0,0,0,0.417,1,15_EIN_02302$389133f5-d048-4380-bfb9-ba4bd85840ec
0,0,0,0,0,0,0,0,0,0,0,0.5,0,0.5,0,0.5,-0.9375,0,0,-0.6,0,0,-1,0,0,-0.6,-0.2307,0,0.6113,0,0.925,1,57_NON_77045$a176fe7e-abdb-45c8-85fe-6e874c2bd627
0,1,0,0,0,0,0,0,0,0,0,0.5,0,0.5,0,0.5,-0.9375,0,0,-0.6,0,0,-1,0,1,0.8,0.1538,0,0,0.911,0.05566,0,47_WHEEL_11343$760c3d98-b534-4fdf-89e9-c3fcd57c4b9d
0,0,0,0,0,1,0,1,0,0,0,0.5,0,0.5,0,0.5,-0.9375,0,0,-0.6,0,0,-1,0,1,0.4,0.1538,0,0,0.6113,0.7695,0,25_WHEEL_87930$a54319fe-17c9-450f-87f7-6eda7bacf20c
0,0,1,0,0,0,0,0,0,0,0,0.5,0,0.5,0,0.5,-0.9375,0,1,0.9253,1,0.4531,0.289,0,0,-0.6,-0.2307,0.3667,0.789,0,0.5244,1,46_NON_03547$2471c5a4-8692-463d-83a4-24fba8b42c96
0,0,0,0,0,0,0,0,0,0,0,0.5,0,0.5,0,0.5,-0.9375,0,1,0.2388,1,0.0781,0.9844,0,0,-0.6,-0.2307,0,0.4,0.1444,0.3828,1,32_SIN_79358$64e791f2-a744-4686-8fe5-c3b3c6bcfe3f
0,0,0,0,0,0,0,0,0,0,0,0.5,0,0.5,0,0.5,-0.9375,0,0,-0.6,0,0,-1,0,1,0.6,0.4614,0,0,0,0.664,1,86_JIM_06263$1ac704b2-2d7c-4fca-bef2-37f1a2e3b435
0,0,0,0,0,0,0,1,0,1,1,0.3765,0,0.5,0,0.5,-0.9375,0,0,-0.6,0,0,-1,0,0,-0.6,-0.2307,0.8335,0,0.4111,0.3418,1,13_WHEEL_14048$7be2cecb-8106-4378-b246-89c77008afdc
0,0,0,0,0,0,1,1,0,1,0,0.5,0,0.5,0,0.5,-0.9375,0,0,-0.6,0,0,-1,0,0,-0.6,-0.2307,0,0,0.1333,0.667,1,92_BE_84982$c94f8842-2c20-423d-bdbb-6412e05be828
1,0,0,0,0,0,0,0,0,0,0,0.5,0,0.5,1,0.7646,0.0625,0.6533,0,-0.6,0,0,-1,0,0,-0.6,-0.2307,0,0.2,0.03333,0.8613,1,53_BE_13003$cab8af04-7e3e-48bd-8d94-74b2952a9b5d
0,1,0,0,0,0,0,0,0,0,0,0.5,0,0.5,0,0.5,-0.9375,0,0,-0.6,0,0,-1,0,0,-0.6,-0.2307,0.7666,0,0.778,0.7656,0,89_GHAF_06561$01f3b8c9-f852-4199-8299-96c5323faebf
0,0,0,0,0,0,0,0,0,0,1,0.4028,0,0.5,0,0.5,-0.9375,0,0,-0.6,0,0,-1,0,0,-0.6,-0.2307,0,0.8555,0.711,0.953,0,92_TE_22854$5fb35932-011e-49b7-a715-ab49e3b650da
0,0,0,0,0,0,0,0,0,0,0,0.5,0,0.5,0,0.5,-0.9375,0,0,-0.6,0,0,-1,0,0,-0.6,-0.2307,0.4111,0.8335,0.2333,0.04785,1,38_YE_03774$65ab274e-1202-4f6e-b45e-631b99d99d8d
0,0,1,0,0,0,0,0,0,0,1,0.394,0,0.5,0,0.5,-0.9375,0,1,0.2715,1,0.1328,0.3281,0,0,-0.6,-0.2307,0.778,0,0,0.209,1,67_VAV_29068$8f081f8b-90d2-4af6-b519-f377d23ac6f1
0,0,0,0,0,0,0,0,0,0,0,0.5,0,0.5,1,0.571,0.625,0.2727,0,-0.6,0,0,-1,0,0,-0.6,-0.2307,0.1666,0,0,0.7764,1,09_RE_83482$b480995b-1138-4dbe-bfb1-98c712c0bde8
1,0,0,0,0,0,0,0,0,0,0,0.5,0,0.5,0,0.5,-0.9375,0,0,-0.6,0,0,-1,0,0,-0.6,-0.2307,0.6333,0,0,0.2334,1,04_RE_69995$edfde416-6e68-4a42-b519-43b7726ff92e
0,0,0,0,0,0,0,0,0,0,1,0.794,0,0.5,0,0.5,-0.9375,0,0,-0.6,0,0,-1,0,0,-0.6,-0.2307,0.4443,0,0,0.1426,1,45_JIM_97530$f5249b44-599c-45bb-8038-398daefee005
0,1,0,0,0,0,0,0,0,0,0,0.5,0,0.5,0,0.5,-0.9375,0,0,-0.6,0,0,-1,1,0,-0.6,-0.2307,0.844,0.1111,0,0.0742,1,07_SIN_41650$2c1bdb71-a4ff-4159-ad73-d199bffadc85
0,0,0,0,0,0,0,0,0,0,0,0.5,0,0.5,0,0.5,-0.9375,0,0,-0.6,0,0,-1,0,0,-0.6,-0.2307,0,0,0,0.9355,1,69_SIN_24103$56ba8672-2c13-4372-aa58-1e7d25040106
0,0,0,0,0,0,1,0,0,0,0,0.5,0,0.5,0,0.5,-0.9375,0,0,-0.6,0,0,-1,0,1,0.8,0.923,0.1555,0.1444,0,0.4824,1,81_WHEEL_71370$fe06decf-f95e-452c-82a1-589b0d908e9f
0,0,0,0,0,0,0,0,0,0,0,0.5,0,0.5,0,0.5,-0.9375,0,0,-0.6,0,0,-1,1,1,1,0,0,0,0,0.5176,1,69_DAL_22947$1b3da35f-d1c2-40f6-b200-a90e34f6bdfa
0,0,0,0,0,0,0,0,0,0,0,0.5,0,0.5,0,0.5,-0.9375,0,0,-0.6,0,0,-1,0,1,0.8,0,0.4333,0.3555,0.2222,0.586,1,97_BE_27575$c7506b93-3df4-477e-9f08-2a254873f0e4
0,0,0,0,0,0,0,0,0,0,0,0.5,0,0.5,0,0.5,-0.9375,0,0,-0.6,0,0,-1,0,0,-0.6,-0.2307,0,0,0,0.5205,1,57_GHAF_90605$43999e0c-8e09-42bb-9cb6-dc444b8c2077
0,0,0,0,0,0,0,1,0,0,0,0.5,0,0.5,0,0.5,-0.9375,0,0,-0.6,0,0,-1,0,0,-0.6,-0.2307,0,0.5557,0,0.0752,1,53_NON_72850$6c1a25f2-f0f2-4088-81bc-af79ebbee323
0,1,0,0,0,0,0,0,0,0,0,0.5,0,0.5,0,0.5,-0.9375,0,1,0.8716,1,0.508,0.4219,0,1,0,0.1538,0,0,0,0.949,1,03_LAM_28663$642d506f-2f54-4c23-9f4c-d9778af428c3
0,1,0,0,0,0,0,0,1,0,0,0.5,0,0.5,0,0.5,-0.9375,0,0,-0.6,0,0,-1,0,0,-0.6,-0.2307,0.6777,0,0,0.788,1,46_EIN_02099$56ffca4c-483c-4984-8913-1bc7e6eacc24
0,0,0,0,0,0,0,0,1,1,0,0.5,0,0.5,1,0.9233,0.375,0.001014,0,-0.6,0,0,-1,0,0,-0.6,-0.2307,0,0.4666,0,0.7227,1,16_BE_37188$4a8e2b29-43d4-4d90-8814-299b110b070c
0,0,0,0,1,0,0,1,0,0,0,0.5,0,0.5,0,0.5,-0.9375,0,0,-0.6,0,0,-1,0,0,-0.6,-0.2307,0,0.4666,0,0.1113,1,29_NON_59851$d0598019-4beb-45b1-8445-61adb748bcbb
0,0,0,0,1,0,0,0,0,0,0,0.5,1,0.785,1,0.5796,0.1875,0.777,0,-0.6,0,0,-1,0,0,-0.6,-0.2307,0.7554,0,0.1777,0.3145,1,77_EIN_91106$3d9d7b78-34e7-45b3-ac5b-7794dbe55900
0,0,1,1,1,0,0,0,0,1,0,0.5,0,0.5,0,0.5,-0.9375,0,0,-0.6,0,0,-1,0,0,-0.6,-0.2307,0.6445,0.389,0,0.537,1,40_EIN_11876$4d4b3bd1-a995-4814-ae1a-f7d20ed1e474
0,0,0,0,1,0,1,0,0,0,1,0.794,0,0.5,1,0.7646,0.6875,0.677,0,-0.6,0,0,-1,0,0,-0.6,-0.2307,0,0,0,0.1904,1,21_JIM_96260$0f2d2b97-e41d-4bdb-ba40-a04b0cc8dd44
0,1,0,0,0,0,0,0,0,0,1,0.409,0,0.5,0,0.5,-0.9375,0,0,-0.6,0,0,-1,0,0,-0.6,-0.2307,0.5225,0,0,0.08887,1,53_SAD_35947$4be32e19-b40b-42f7-803e-5374436b9bcc
0,0,0,0,0,0,0,0,0,0,0,0.5,0,0.5,0,0.5,-0.9375,0,0,-0.6,0,0,-1,1,0,-0.6,-0.2307,0,0.6333,0,0.713,1,79_GHAF_34896$27a2d14b-1c04-4d0f-a9f0-17af5f9e555a
0,0,0,0,0,1,0,0,0,0,0,0.5,0,0.5,0,0.5,-0.9375,0,0,-0.6,0,0,-1,1,0,-0.6,-0.2307,0,0,0,0.663,1,01_VAV_17949$333e6988-8d9a-48be-ae5f-df7e612335d4
0,0,0,0,0,0,0,0,0,0,0,0.5,0,0.5,0,0.5,-0.9375,0,0,-0.6,0,0,-1,0,1,0.8,0.1538,0.622,0,0,0.1289,1,64_TA_28484$4eb79c66-53d6-41c8-9ef6-3f9493505833
0,0,0,0,0,0,0,0,0,0,0,0.5,1,0.3088,0,0.5,-0.9375,0,1,0.4243,1,0.1719,0.578,0,0,-0.6,-0.2307,0,0,0,0.548,1,32_LAM_20466$0580ff5b-0412-43c3-8d5c-bb6af05bc161
0,0,0,1,0,0,1,0,0,0,0,0.5,0,0.5,0,0.5,-0.9375,0,0,-0.6,0,0,-1,0,0,-0.6,-0.2307,0.6113,0.711,0,0.1973,1,40_TA_43468$25b623d5-9a18-45b2-86a7-c678820165ee
0,1,0,0,0,0,1,0,0,0,1,0.9263,0,0.5,0,0.5,-0.9375,0,0,-0.6,0,0,-1,0,0,-0.6,-0.2307,0,0,0,0.2451,1,15_SIN_50424$6f6b8c1c-69c6-4ea2-bd06-1709a57f06a0
1,0,0,0,0,0,0,0,0,1,0,0.5,0,0.5,0,0.5,-0.9375,0,0,-0.6,0,0,-1,1,0,-0.6,-0.2307,0,0,0,0.04395,1,78_TA_12563$0bd52a91-2e99-48c5-96bf-6a34ff5c7669
0,0,1,1,0,0,0,0,0,0,0,0.5,1,0.862,0,0.5,-0.9375,0,0,-0.6,0,0,-1,1,0,-0.6,-0.2307,0,0,0,0.012695,1,16_MIM_77022$9f22211f-8cc4-4e63-8fc4-6fea5e3b736f
0,0,0,0,0,0,0,0,0,0,0,0.5,0,0.5,0,0.5,-0.9375,0,0,-0.6,0,0,-1,0,0,-0.6,-0.2307,0,0.4778,0.9556,0.2354,0,51_YE_51083$e7a2bafe-6731-4925-b042-f22b6f193ae4
0,0,0,0,0,0,0,1,1,0,0,0.5,0,0.5,0,0.5,-0.9375,0,0,-0.6,0,0,-1,1,0,-0.6,-0.2307,0,0,0.211,0.11816,1,90_BE_90635$4ad3e846-7268-4ef4-b429-45d51bd7a486
0,1,0,0,0,0,0,0,1,0,1,0.4058,0,0.5,0,0.5,-0.9375,0,0,-0.6,0,0,-1,0,0,-0.6,-0.2307,0.01111,0.8335,0,0.0791,1,12_EIN_76268$db3a0b4e-b08b-4b81-8e8a-055dbb1c19a6
0,0,0,0,0,0,0,0,0,0,0,0.5,0,0.5,0,0.5,-0.9375,0,0,-0.6,0,0,-1,0,0,-0.6,-0.2307,0,0.1,0,0.37,1,02_BE_60714$4144f7f6-1ecf-4597-94bb-fd27a6fd837e
0,0,0,0,0,0,0,0,0,0,0,0.5,0,0.5,0,0.5,-0.9375,0,0,-0.6,0,0,-1,0,0,-0.6,-0.2307,0,0,0.844,0.669,0,48_GHAF_03989$8696a6c1-b40a-4144-b253-e55ac2f3e128
0,0,0,0,0,0,0,0,1,0,0,0.5,0,0.5,0,0.5,-0.9375,0,0,-0.6,0,0,-1,1,0,-0.6,-0.2307,0.8,0,0.8555,0.954,0,03_YE_26745$03d973c2-3220-4a54-aca0-1edd61d13fa3
0,0,0,0,0,0,1,0,0,0,0,0.5,0,0.5,0,0.5,-0.9375,0,0,-0.6,0,0,-1,0,0,-0.6,-0.2307,0.1,0,0,0.1133,1,68_BE_25231$3ffc0d66-86a1-43d7-8185-c6c215a33bf8
0,0,0,1,0,1,0,0,1,0,0,0.5,0,0.5,0,0.5,-0.9375,0,0,-0.6,0,0,-1,0,0,-0.6,-0.2307,0,0,0,0.551,1,75_GHAF_90624$ee96fff3-8384-4d65-9f68-9c51f0e9e797
0,0,0,0,0,0,0,1,0,0,0,0.5,0,0.5,1,0.1294,0.9375,0.3555,0,-0.6,0,0,-1,0,0,-0.6,-0.2307,0,0.4666,0.8887,0.6826,0,09_MIM_13110$8877b58d-6ec6-41f9-ba99-6b501da910f7
0,0,0,0,0,0,0,0,0,0,0,0.5,0,0.5,0,0.5,-0.9375,0,0,-0.6,0,0,-1,0,0,-0.6,-0.2307,0.2222,0,0,0.08203,1,50_VAV_41085$15a946f4-560d-4a68-9cd8-594f193f9983
0,0,0,0,1,0,0,0,0,0,0,0.5,0,0.5,1,0.741,0.5625,0.7427,0,-0.6,0,0,-1,1,0,-0.6,-0.2307,0,0,0,0.673,1,86_DAL_15907$5c4a50cc-0f5c-4f61-8796-f9bccff6ddec
0,0,0,0,0,0,0,0,0,0,0,0.5,0,0.5,0,0.5,-0.9375,0,0,-0.6,0,0,-1,0,0,-0.6,-0.2307,0,0.3333,0.08887,0.1953,1,15_WHEEL_14079$e0b1f62d-9611-4476-8036-b19fa98a4aa4
0,0,0,0,0,0,0,0,0,0,0,0.5,0,0.5,0,0.5,-0.9375,0,0,-0.6,0,0,-1,0,0,-0.6,-0.2307,0,0,0,0.576,1,23_EIN_58418$3c132c34-ecbf-4db2-a8e9-29e775677eba
0,0,0,0,0,0,0,1,0,0,0,0.5,0,0.5,0,0.5,-0.9375,0,0,-0.6,0,0,-1,0,0,-0.6,-0.2307,0,0.7,0.1444,0.6533,1,57_WHEEL_55183$0ab3f018-a0c6-4b71-bac7-9a49cce8fca5
0,0,0,0,0,0,0,0,0,0,1,0.5176,0,0.5,0,0.5,-0.9375,0,0,-0.6,0,0,-1,0,0,-0.6,-0.2307,0.4333,0,0.656,0.997,0,94_JIM_50500$ea11475d-8b41-43f9-851b-053033d5f77e
0,0,0,1,0,0,0,0,0,0,0,0.5,1,0.4824,0,0.5,-0.9375,0,0,-0.6,0,0,-1,0,0,-0.6,-0.2307,0,0,0,0.8613,1,19_MIM_53129$80df19e8-1fab-48d7-b4fa-c2c2ea287f8f
1,0,0,0,0,0,0,0,0,0,0,0.5,0,0.5,0,0.5,-0.9375,0,0,-0.6,0,0,-1,0,0,-0.6,-0.2307,0,0,0,0.9873,1,12_SIN_78489$b99ddcae-334a-4edd-948a-3cb0cd3b4842
0,0,0,0,0,0,0,1,0,0,0,0.5,0,0.5,0,0.5,-0.9375,0,1,0.859,1,0.1953,0.4453,0,1,0,0.615,0.778,0,0.1555,0.4736,1,96_BE_95293$bc019e50-e347-46a9-b340-55160b52d63c
0,0,0,0,0,0,0,0,0,0,0,0.5,0,0.5,0,0.5,-0.9375,0,1,0.3003,1,0.4297,0.578,0,1,1,0.615,0,0,0,0.667,1,29_GHAF_88768$3cdd4432-89b6-4312-9bbf-596798b15e2e
0,0,0,0,0,0,0,0,1,0,1,0.2,0,0.5,0,0.5,-0.9375,0,0,-0.6,0,0,-1,0,0,-0.6,-0.2307,0.2,0,0.5225,0.9873,1,67_JIM_53026$092e0a4a-a4ed-4ba4-ae8b-526f02345e55
0,0,0,0,1,0,0,0,0,0,0,0.5,0,0.5,0,0.5,-0.9375,0,0,-0.6,0,0,-1,0,0,-0.6,-0.2307,0.5776,0,0.911,0.4053,0,12_HE_36858$a512ee97-1084-49b2-ab8d-77f05b1f3126
0,0,0,0,1,0,0,0,0,0,0,0.5,0,0.5,1,0.647,0.625,0.3926,0,-0.6,0,0,-1,0,0,-0.6,-0.2307,0.1666,0.2666,0,0.498,1,08_JIM_30387$6bc975a4-9f1c-48af-a334-a7a2c23ba284
0,1,0,0,0,0,0,0,0,0,0,0.5,1,0.341,0,0.5,-0.9375,0,0,-0.6,0,0,-1,1,0,-0.6,-0.2307,0,0.2778,0.4,0.248,1,42_WHEEL_09088$755bfd2a-69b4-40be-9cd7-fc097bffa5c0
0,0,0,0,0,0,0,0,0,0,0,0.5,1,0.3853,0,0.5,-0.9375,0,0,-0.6,0,0,-1,0,0,-0.6,-0.2307,0,0.2666,0.967,0.9365,0,54_NON_70521$f643d33a-2a8a-45cd-bc2d-bb2086b7e3b1
0,0,0,0,0,0,0,0,0,0,0,0.5,0,0.5,0,0.5,-0.9375,0,0,-0.6,0,0,-1,0,0,-0.6,-0.2307,0,0.7446,0,0.334,1,17_RE_73517$9960d442-4faa-4277-a2a3-914b59b64817
0,1,0,0,0,0,0,0,0,0,0,0.5,0,0.5,1,0.747,0.8125,0.501,0,-0.6,0,0,-1,1,0,-0.6,-0.2307,0,0.7446,0.07776,0.751,1,48_SAD_83912$98e25d01-ad3e-4525-89cf-f4a4d87a3479
0,0,0,0,0,0,0,0,0,0,0,0.5,1,0.9883,0,0.5,-0.9375,0,0,-0.6,0,0,-1,0,0,-0.6,-0.2307,0,0,0,0.801,1,29_GHAF_44695$0bcfbf68-1cc4-43ba-beb5-56d8937cfbff
1,0,0,0,0,0,0,1,0,1,0,0.5,0,0.5,0,0.5,-0.9375,0,0,-0.6,0,0,-1,0,0,-0.6,-0.2307,0,0,0,0.676,1,71_TE_49745$cdc052eb-8a0b-45e8-869d-266470dd5cde
0,0,0,0,0,0,0,0,0,0,0,0.5,0,0.5,1,0.9,0.8125,0.959,0,-0.6,0,0,-1,0,0,-0.6,-0.2307,0.8335,0,0.9775,0.1699,0,28_TA_63126$c78119ba-f48b-4e56-be6f-3594acab8625
0,1,0,0,0,0,0,0,0,0,0,0.5,0,0.5,0,0.5,-0.9375,0,0,-0.6,0,0,-1,1,0,-0.6,-0.2307,0,0,0.04443,0.6133,1,79_YE_51135$6b813ff4-743f-4e69-85f4-544a331a012b
0,1,0,0,0,0,0,0,1,0,0,0.5,0,0.5,0,0.5,-0.9375,0,0,-0.6,0,0,-1,0,0,-0.6,-0.2307,0,0.3223,0,0.617,1,61_MIM_26002$58e1990b-2d74-470f-b1df-c9d29bb389fc
0,0,0,0,0,0,0,0,0,0,0,0.5,0,0.5,0,0.5,-0.9375,0,1,0.979,0,0.7188,0.6016,0,0,-0.6,-0.2307,0.622,0.622,0.4888,0.0166,0,50_EIN_70033$6d83ff7b-6d3a-4380-9d45-bd44e514a5aa
0,0,0,0,0,0,1,0,0,0,0,0.5,0,0.5,0,0.5,-0.9375,0,0,-0.6,0,0,-1,0,0,-0.6,-0.2307,0,0.567,0,0.544,1,06_WHEEL_38987$7c002d8a-6d99-4bf4-9142-c25b2b924012
0,0,0,0,1,0,1,0,0,0,0,0.5,0,0.5,0,0.5,-0.9375,0,0,-0.6,0,0,-1,0,0,-0.6,-0.2307,0.2556,0.589,0,0.3496,1,05_MIM_70439$4548e205-ecba-4034-8fff-1a08d40c674b
0,0,0,0,0,0,0,0,0,0,1,0.8267,0,0.5,0,0.5,-0.9375,0,0,-0.6,0,0,-1,0,0,-0.6,-0.2307,0,0.2556,0,0.0957,1,14_RE_37607$5c9853c2-c508-4e19-8cbd-15f82de5b02f
0,0,0,0,1,1,0,0,0,0,0,0.5,1,0.15,0,0.5,-0.9375,0,0,-0.6,0,0,-1,0,0,-0.6,-0.2307,0,0,0,0.6924,1,45_GHAF_69429$85d91367-1ed4-45c8-9268-d809d129e808
0,0,0,1,0,0,1,0,0,0,0,0.5,0,0.5,0,0.5,-0.9375,0,0,-0.6,0,0,-1,0,0,-0.6,-0.2307,0,0,0.07776,0.5156,1,51_MIM_25061$9d391cd3-2071-49ee-a338-8507cbd84c8d
0,0,0,0,1,0,0,1,0,0,0,0.5,0,0.5,0,0.5,-0.9375,0,0,-0.6,0,0,-1,1,0,-0.6,-0.2307,0.5557,0.7554,0,0.868,1,56_NON_05815$cef889dc-3d90-4a0f-9a34-cabcbb19815f
0,0,0,0,0,0,0,0,0,0,0,0.5,1,0.8115,0,0.5,-0.9375,0,1,0.3276,1,0.922,0.9375,0,0,-0.6,-0.2307,0,0,0.967,0.4219,0,20_JIM_66549$ffb2451c-95c8-4623-a9c1-c073d5b07280
0,0,0,0,1,1,0,0,0,1,0,0.5,0,0.5,1,0.4058,0.4375,0.3423,0,-0.6,0,0,-1,0,0,-0.6,-0.2307,0,0.6113,0.567,0.3691,0,08_SIN_49291$b0b76262-d205-4538-b5e6-f0346ac4c68b
0,0,0,0,1,1,0,0,0,0,0,0.5,1,0.847,0,0.5,-0.9375,0,0,-0.6,0,0,-1,1,0,-0.6,-0.2307,0,0.389,0.6333,0.3486,0,59_GHAF_39399$725a58b7-4ea5-4ad6-98fb-1659445abd91
0,0,0,0,0,0,0,0,0,0,0,0.5,0,0.5,0,0.5,-0.9375,0,0,-0.6,0,0,-1,0,0,-0.6,-0.2307,0,0.2666,0.2666,0.5293,1,21_JIM_39276$9e89b4f9-8eab-4ee7-98d0-caa1383f3eee
0,0,0,0,0,0,0,0,0,0,0,0.5,0,0.5,0,0.5,-0.9375,0,0,-0.6,0,0,-1,1,0,-0.6,-0.2307,0,0,0.989,0.295,0,66_MIM_20089$ffd39b69-2505-49fb-9400-cf944761ccbd
0,0,0,1,0,1,0,0,0,0,0,0.5,0,0.5,0,0.5,-0.9375,0,0,-0.6,0,0,-1,0,0,-0.6,-0.2307,0.7,0,0,0.6055,1,02_HE_52469$37929a1b-82c2-4079-8ff6-4102dec61880
0,0,1,0,1,1,0,0,0,0,0,0.5,0,0.5,0,0.5,-0.9375,0,0,-0.6,0,0,-1,0,0,-0.6,-0.2307,0,0,0,0.08105,1,58_SAD_62366$d71a754a-e8e2-4755-b68b-f45cecbd4c1a
0,0,0,0,0,0,0,0,0,0,0,0.5,0,0.5,0,0.5,-0.9375,0,0,-0.6,0,0,-1,0,0,-0.6,-0.2307,0,0.2888,0.9775,0.3633,0,50_HE_67857$99ba3729-15e5-45e8-86a0-f9a20cc0aae9
0,0,0,1,1,0,0,0,0,0,0,0.5,0,0.5,0,0.5,-0.9375,0,1,0.732,0,0.3672,0.3281,0,1,0.2,0.615,0.08887,0.5557,0,0.7695,1,74_YE_56596$1cf8a83e-cff1-41fd-80d1-011f0217fde8
0,0,0,0,0,1,0,0,0,0,0,0.5,0,0.5,0,0.5,-0.9375,0,0,-0.6,0,0,-1,0,0,-0.6,-0.2307,0,0,0,0.832,1,09_SAD_03815$5eb79190-14fb-44e7-913a-1bb3f681978a
0,0,0,0,0,0,0,0,0,0,0,0.5,0,0.5,0,0.5,-0.9375,0,1,0.6216,0,0.5156,0.03906,0,0,-0.6,-0.2307,0.6665,0.5776,0.2444,0.1748,1,03_NON_28522$a37dfac8-3ca9-4301-8c2d-1fcf286656ea
0,1,0,0,0,0,0,1,1,0,0,0.5,0,0.5,0,0.5,-0.9375,0,0,-0.6,0,0,-1,0,0,-0.6,-0.2307,0,0.7446,0,0.8975,1,14_VAV_71998$ee3f8c10-3877-4a38-9ea5-b9a83e83e72c
0,0,1,0,0,0,0,0,0,0,0,0.5,1,0.2588,1,0.644,0.5,0.606,0,-0.6,0,0,-1,0,0,-0.6,-0.2307,0,0,0,0.6553,1,27_GHAF_73831$df4d3085-a0ae-418d-a74e-b52af09fb326
0,0,0,0,1,0,0,1,0,0,0,0.5,0,0.5,0,0.5,-0.9375,0,0,-0.6,0,0,-1,0,1,0.6,0.3076,0,0.1555,0,0.634,1,15_DAL_40435$289f188c-0b10-465e-b2b3-6178a2e2f21d
0,0,0,0,0,0,0,0,0,0,0,0.5,0,0.5,0,0.5,-0.9375,0,0,-0.6,0,0,-1,0,0,-0.6,-0.2307,0,0,0,0.3154,1,84_SAD_69214$ba34a343-000b-4220-a0d4-a341e9754424
0,0,0,0,0,0,1,0,0,0,0,0.5,0,0.5,0,0.5,-0.9375,0,0,-0.6,0,0,-1,0,0,-0.6,-0.2307,0,0.778,0.1777,0.4014,1,61_SAD_30099$cd4fd41f-15d2-4baf-9134-fa83ad8abf0c
0,0,0,0,0,0,0,0,0,0,0,0.5,0,0.5,0,0.5,-0.9375,0,0,-0.6,0,0,-1,0,0,-0.6,-0.2307,0,0,0,0.3262,1,47_RE_49618$15140080-7a95-454a-9b45-c588dca58f7c
0,0,0,0,0,0,0,0,0,0,0,0.5,1,0.11176,0,0.5,-0.9375,0,0,-0.6,0,0,-1,0,0,-0.6,-0.2307,0.8887,0.6113,0,0.6924,1,86_BE_04317$4b27b957-e2ee-450c-a1c5-363cf5c45920
0,0,0,0,0,0,0,0,1,0,0,0.5,0,0.5,0,0.5,-0.9375,0,0,-0.6,0,0,-1,0,0,-0.6,-0.2307,0,0,0.4111,0.6416,1,15_EIN_70445$5816a27b-af23-481e-9dd7-30d25c0e6d8a
0,0,0,0,0,1,0,0,0,0,0,0.5,1,0.9443,0,0.5,-0.9375,0,0,-0.6,0,0,-1,0,0,-0.6,-0.2307,0,0.8667,0,0.993,1,19_GHAF_69579$a8bd3167-67f0-49fe-9f37-7409f225827a
0,0,0,0,0,0,0,0,0,0,0,0.5,0,0.5,0,0.5,-0.9375,0,0,-0.6,0,0,-1,0,0,-0.6,-0.2307,0.722,0,0,0.2734,1,34_GHAF_80406$76625b83-5e1e-4d35-885d-ac4fb428c267
0,1,0,0,0,0,0,0,1,0,0,0.5,0,0.5,0,0.5,-0.9375,0,1,0.3389,1,0.742,0.578,0,0,-0.6,-0.2307,0,0,0.211,0.744,0,99_YE_43011$e7d5673e-a066-4bbd-a7a0-6507b4ed62c4
1,0,0,0,0,0,1,1,0,0,0,0.5,0,0.5,0,0.5,-0.9375,0,0,-0.6,0,0,-1,0,0,-0.6,-0.2307,0.4556,0.7,0.533,0.7627,1,68_TA_79842$7d5ca057-ab7b-4ebe-9ee1-6b1ff241a079
0,0,0,0,0,0,0,0,0,0,0,0.5,0,0.5,1,0.2942,0.1875,0.652,0,-0.6,0,0,-1,0,0,-0.6,-0.2307,0,0.7334,0,0.782,1,56_BE_24422$b4d407c4-caa0-47aa-9b49-ff975f9ac707
0,0,0,0,0,0,0,0,0,0,0,0.5,0,0.5,0,0.5,-0.9375,0,0,-0.6,0,0,-1,0,0,-0.6,-0.2307,0.878,0,0.8887,0.1816,0,37_DAL_14629$2991214d-84a5-44aa-b17c-26f285a4dbda
0,0,0,0,0,1,0,0,0,0,0,0.5,0,0.5,0,0.5,-0.9375,0,0,-0.6,0,0,-1,0,0,-0.6,-0.2307,0.656,0.811,0.3223,0.1611,1,90_SIN_20892$b2606a86-8f97-41e5-94b6-947bff00ce39
0,0,1,0,0,0,0,0,0,0,0,0.5,0,0.5,0,0.5,-0.9375,0,0,-0.6,0,0,-1,0,0,-0.6,-0.2307,0,0,0.6,0.7383,0,71_SIN_71988$f68e4ff0-2bc7-41ee-843b-62bc8f2b4f20
0,0,0,0,0,1,0,0,0,0,0,0.5,0,0.5,1,0.65,0.0625,0.228,1,0.441,1,0.4453,0.1562,0,0,-0.6,-0.2307,0.989,0.2222,0,0.11523,1,05_SAD_05712$ff86054d-177c-4e5d-bb26-e89967c95a0e
1,0,0,0,0,0,0,0,0,0,0,0.5,0,0.5,0,0.5,-0.9375,0,0,-0.6,0,0,-1,0,0,-0.6,-0.2307,0,0,0,0.4082,1,84_WHEEL_08993$3eff45d3-0d27-41a6-a560-b7e2f6b7aee4
0,0,0,1,0,0,1,0,0,0,0,0.5,0,0.5,0,0.5,-0.9375,0,0,-0.6,0,0,-1,0,0,-0.6,-0.2307,0,0.4556,0,0.4014,1,23_VAV_34421$4f2df31e-9735-48ab-8a28-fe34a4ed2eae
0,0,0,0,0,0,0,0,0,0,0,0.5,1,0.45,0,0.5,-0.9375,0,0,-0.6,0,0,-1,0,0,-0.6,-0.2307,0,0.778,0.311,0.001953,1,14_JIM_40151$2c71e6a1-4ab1-4021-a146-84583befbadb
0,0,1,0,0,0,0,0,0,0,0,0.5,1,0.2825,0,0.5,-0.9375,0,0,-0.6,0,0,-1,0,1,0.6,0.769,0,0,0,0.0752,1,82_RE_98300$74920b5f-e59d-4d28-bd26-d3931bb30cd9
0,0,0,0,0,0,0,1,0,0,0,0.5,0,0.5,0,0.5,-0.9375,0,0,-0.6,0,0,-1,0,0,-0.6,-0.2307,0,0,0.8667,0.6104,0,27_BE_51537$f112b9f2-9d71-4f8f-895c-8f53b367d83a
0,1,0,0,0,0,0,0,0,0,0,0.5,0,0.5,0,0.5,-0.9375,0,1,0.2041,1,0.1641,0.7344,0,0,-0.6,-0.2307,0,0.6777,0,0.6094,1,40_SIN_36491$3df35b73-80b6-4dc0-9e3d-277f280a597b
0,0,1,0,0,0,1,0,0,0,0,0.5,0,0.5,0,0.5,-0.9375,0,0,-0.6,0,0,-1,0,0,-0.6,-0.2307,0,0,0,0.02734,1,09_TE_23962$c0624fab-b6aa-4081-a3a2-194045675292
0,0,0,0,0,0,0,0,0,0,0,0.5,1,0.3647,0,0.5,-0.9375,0,0,-0.6,0,0,-1,0,0,-0.6,-0.2307,0,0.2333,0,0.2031,1,55_VAV_97941$6e4857be-9ddb-4015-8729-60151ca39772
0,0,0,0,0,0,1,0,0,1,1,0.6587,0,0.5,0,0.5,-0.9375,0,1,0.0781,1,0.867,0.02344,0,0,-0.6,-0.2307,0.778,0.711,0,0.2031,1,71_EIN_43395$3f74be38-4873-42a3-ac2a-5ecd2f77c284
0,0,0,0,0,0,0,0,1,1,0,0.5,0,0.5,0,0.5,-0.9375,0,0,-0.6,0,0,-1,0,0,-0.6,-0.2307,0,0,0,0.412,1,59_LAM_16147$c3a82c53-decd-4cfd-89b3-152644365292
0,0,0,0,0,0,0,0,0,0,0,0.5,0,0.5,0,0.5,-0.9375,0,0,-0.6,0,0,-1,0,0,-0.6,-0.2307,0.589,0,0.1222,0.1074,1,75_YE_47139$1bbb1408-24aa-466f-8364-6ab6fcd52c46
0,0,0,0,0,0,0,0,0,0,0,0.5,0,0.5,0,0.5,-0.9375,0,0,-0.6,0,0,-1,0,0,-0.6,-0.2307,0,0,0,0.747,1,27_EIN_38252$3c3412e0-1f79-405e-b338-42d3aeb0c700
0,0,0,0,0,0,1,0,0,0,0,0.5,0,0.5,0,0.5,-0.9375,0,0,-0.6,0,0,-1,0,0,-0.6,-0.2307,0,0.01111,0,0.4453,1,13_SAD_79381$21460ac7-10f1-4c5d-af53-f1a4ba979003
0,0,0,0,0,0,0,0,1,0,0,0.5,0,0.5,0,0.5,-0.9375,0,0,-0.6,0,0,-1,0,0,-0.6,-0.2307,0,0,0,0.8066,1,73_HE_12651$97a3a316-2b91-4a04-b602-54182b3df161
0,0,0,0,0,0,0,0,0,0,0,0.5,0,0.5,1,0.497,0.125,0.1653,0,-0.6,0,0,-1,0,0,-0.6,-0.2307,0,0.389,0,0.9688,1,62_TE_08798$65b8c187-868c-48fb-83e8-fc87357db36b
0,0,0,0,0,0,0,0,0,0,0,0.5,0,0.5,0,0.5,-0.9375,0,1,0.2744,0,0.5312,0.6016,0,0,-0.6,-0.2307,0.5776,0.722,0,0.798,1,33_TA_56533$931a27ea-f1ce-4799-b0d1-e6a12d8979c7
0,0,0,0,0,0,0,0,0,0,0,0.5,0,0.5,0,0.5,-0.9375,0,0,-0.6,0,0,-1,0,0,-0.6,-0.2307,0.2,0,0.533,0.6963,0,33_SIN_33059$909e120a-7528-4561-aa25-d1ec3a2c541d
0,0,0,0,1,0,0,0,1,0,0,0.5,0,0.5,0,0.5,-0.9375,0,0,-0.6,0,0,-1,0,1,0.2,0.4614,0.511,0,0.789,0.503,0,44_YE_91371$82ea8ec0-375d-4412-94f1-dc7bb9ad7fc4
0,0,0,0,0,1,0,0,0,0,0,0.5,1,0.4736,0,0.5,-0.9375,0,0,-0.6,0,0,-1,0,0,-0.6,-0.2307,0,0.311,0.4111,0.742,0,97_TE_69932$6d290ded-6727-4865-9026-6c912de90e9e
0,0,0,0,0,0,0,0,0,0,1,0.9473,0,0.5,0,0.5,-0.9375,0,0,-0.6,0,0,-1,0,0,-0.6,-0.2307,0,0,0.422,0.916,1,77_SAD_61184$0188966f-00ad-41c2-85bd-d41d1b003ffe
0,1,0,0,0,0,1,0,0,0,0,0.5,0,0.5,0,0.5,-0.9375,0,0,-0.6,0,0,-1,0,0,-0.6,-0.2307,0.04443,0,0,0.334,1,38_TA_80876$7db7869d-1d87-4e2a-8a48-3e6d912da476
0,0,0,0,0,0,0,0,0,0,0,0.5,0,0.5,0,0.5,-0.9375,0,0,-0.6,0,0,-1,0,0,-0.6,-0.2307,0.2778,0.6445,0,0.801,1,28_NON_77469$34d7f53d-6646-4ad5-aa45-645ae14da3db
0,0,1,1,0,0,0,0,0,0,0,0.5,1,0.5557,0,0.5,-0.9375,0,0,-0.6,0,0,-1,0,1,0.2,0.3076,0,0,0,0.5137,0,94_WHEEL_95058$31fb7307-f67a-4a72-abe5-8f260a3b4715
0,0,0,0,0,0,0,0,0,0,0,0.5,0,0.5,1,0.606,1,0.4412,0,-0.6,0,0,-1,0,0,-0.6,-0.2307,0,0.6333,0.511,0.5156,1,46_SAD_19507$ed678032-0598-40db-a049-6e76ee923a42
0,0,0,0,0,0,1,0,0,0,0,0.5,0,0.5,0,0.5,-0.9375,0,0,-0.6,0,0,-1,0,0,-0.6,-0.2307,0.2333,0,0,0.9766,1,23_VAV_15571$85c8df5e-3455-41dc-90e3-3a3ffd06a51a
0,1,0,0,0,0,0,0,0,0,0,0.5,0,0.5,1,0.0706,0.375,0.3875,0,-0.6,0,0,-1,0,0,-0.6,-0.2307,0.2666,0,0.8,0.461,0,19_EIN_30125$8c7834cc-5507-4ab9-8e84-e28a22d742ef
0,0,0,0,0,0,0,0,0,0,0,0.5,0,0.5,0,0.5,-0.9375,0,0,-0.6,0,0,-1,0,0,-0.6,-0.2307,0,0.3333,0.7334,0.925,0,82_RE_33564$51f7fd05-5fea-4198-99e6-ff5af5357b23
0,0,0,0,0,0,1,0,0,0,0,0.5,0,0.5,1,0.815,0.875,0.3638,0,-0.6,0,0,-1,0,0,-0.6,-0.2307,0,0.722,0.3445,0.3076,1,98_DAL_23679$3503ed82-f67f-4357-ab6e-b9e2f997d807
0,0,0,0,1,0,0,0,0,0,0,0.5,0,0.5,0,0.5,-0.9375,0,0,-0.6,0,0,-1,0,0,-0.6,-0.2307,0.1111,0,0,0.9365,1,34_DAL_30946$29632b3d-4688-48bb-8ec4-c98025b9be13
0,0,0,0,0,0,0,0,0,0,0,0.5,0,0.5,0,0.5,-0.9375,0,0,-0.6,0,0,-1,0,0,-0.6,-0.2307,0,0.311,0.2444,0.4336,1,25_EIN_15477$373a59c0-bb20-48aa-9da6-bafbbedf5f6e
0,0,0,0,0,0,0,0,0,0,0,0.5,0,0.5,1,0.953,0.875,0.5654,0,-0.6,0,0,-1,0,0,-0.6,-0.2307,0,0.6665,0.878,0.07324,0,35_SIN_58914$0d22cd50-b226-4cb1-a1c3-e7f50e07ce87
0,0,0,0,0,0,0,1,0,0,0,0.5,0,0.5,0,0.5,-0.9375,0,1,0.9497,0,0.6797,0.0781,0,0,-0.6,-0.2307,0,0,0,0.6143,1,10_GHAF_12564$8d00bc40-56d2-4367-9638-2e02d1bf7d71
1,0,0,1,1,0,0,0,0,0,0,0.5,0,0.5,0,0.5,-0.9375,0,0,-0.6,0,0,-1,0,0,-0.6,-0.2307,0,0.3667,0,0.09766,1,13_SIN_15536$d7b3969e-2ac2-41be-b7c1-549144a5c41e
0,1,1,0,0,0,1,0,1,0,0,0.5,0,0.5,0,0.5,-0.9375,0,0,-0.6,0,0,-1,0,0,-0.6,-0.2307,0.211,0.1,0.622,0.8457,0,07_YE_17515$3e105bbe-6ca3-4324-9568-ae1e15adfdce
0,0,0,0,0,1,0,1,1,0,0,0.5,0,0.5,0,0.5,-0.9375,0,0,-0.6,0,0,-1,0,0,-0.6,-0.2307,0.07776,0.2222,0,0.248,1,81_SAD_80882$a3a57028-6060-440e-85e0-15548a47b424
0,0,1,1,0,0,0,0,0,0,0,0.5,0,0.5,0,0.5,-0.9375,0,1,0.5786,1,0.1328,0.586,1,0,-0.6,-0.2307,0.7,0,0,0.01758,0,69_GHAF_86978$b29efed8-444e-4f4a-850e-6c2e3f667717
0,1,0,0,0,0,0,0,0,0,0,0.5,0,0.5,0,0.5,-0.9375,0,0,-0.6,0,0,-1,0,0,-0.6,-0.2307,0.711,0,0.4666,0.99,1,27_HE_07040$8e7770ec-f319-4fdc-9992-2f573518994e
0,0,0,0,0,1,0,0,0,0,0,0.5,0,0.5,0,0.5,-0.9375,0,0,-0.6,0,0,-1,1,0,-0.6,-0.2307,0,0.2444,0,0.4727,1,02_RE_17329$80b32634-f848-4228-b1c9-a477c89161da
0,0,1,0,0,0,0,0,1,0,0,0.5,0,0.5,0,0.5,-0.9375,0,0,-0.6,0,0,-1,0,1,1,0.615,0.1444,0,0,0.0654,1,43_SAD_48264$d3294aa5-a20a-46b3-b138-0fbe1a32422c
1,0,0,0,0,0,0,0,0,1,0,0.5,0,0.5,0,0.5,-0.9375,0,0,-0.6,0,0,-1,0,0,-0.6,-0.2307,0,0,0.8335,0.5137,0,21_SIN_52171$fe78843a-e487-4a65-ab99-9b9a368880b7
0,0,0,0,0,0,0,0,0,0,0,0.5,0,0.5,0,0.5,-0.9375,0,1,0.007812,0,0.2266,0.4297,0,1,1,0.3076,0.389,0,0,0.0166,1,86_EIN_33584$498207b1-2f77-469d-b1d7-adca9d39c4e9
0,0,0,0,0,0,0,0,0,0,0,0.5,0,0.5,0,0.5,-0.9375,0,0,-0.6,0,0,-1,0,0,-0.6,-0.2307,0.5557,0.911,0.5,0.4111,1,42_GHAF_89344$20d41290-4782-483e-bc9b-23bd880df98c
0,0,0,0,0,0,1,0,0,0,0,0.5,0,0.5,0,0.5,-0.9375,0,0,-0.6,0,0,-1,0,0,-0.6,-0.2307,0,0.1555,0.4111,0.0791,1,36_GHAF_50104$71fe920e-1703-45e0-9960-904c02cc8731
0,0,0,0,1,0,0,0,0,1,1,0.706,0,0.5,0,0.5,-0.9375,0,0,-0.6,0,0,-1,0,0,-0.6,-0.2307,0,0,0.533,0.5957,0,73_SAD_72847$fe2bc99a-d44e-4bfa-80f4-c505ede8b50d
0,0,0,0,0,0,0,0,0,0,0,0.5,0,0.5,0,0.5,-0.9375,0,0,-0.6,0,0,-1,0,0,-0.6,-0.2307,0,0.789,0.08887,0.754,1,91_YE_73786$7014465b-0208-4de1-a4a0-e7676fcfb86c
1,0,1,0,0,0,0,0,0,0,0,0.5,0,0.5,0,0.5,-0.9375,0,0,-0.6,0,0,-1,0,0,-0.6,-0.2307,0.8,0,0,0.5605,1,03_EIN_51856$3428a286-974b-4177-93a7-02d38d668517
1,1,1,0,0,0,0,0,0,0,0,0.5,0,0.5,0,0.5,-0.9375,0,0,-0.6,0,0,-1,0,0,-0.6,-0.2307,0,0.622,0.689,0.7705,0,03_LAM_18659$61b36a09-1ec8-4ef2-8573-8c5aed917b56
0,0,1,0,0,0,0,0,0,0,0,0.5,0,0.5,0,0.5,-0.9375,0,0,-0.6,0,0,-1,0,0,-0.6,-0.2307,0,0.878,0.6333,0.4053,0,35_JIM_92268$f3278031-3b4a-4315-a393-16a322dcf197
0,0,0,0,0,0,0,0,0,0,1,0.9414,1,0.8,0,0.5,-0.9375,0,0,-0.6,0,0,-1,0,0,-0.6,-0.2307,0.689,0.6445,0,0.02441,1,70_SAD_93825$fb726f08-54ba-468e-a10b-998af444fe7a
0,0,0,0,0,0,0,0,0,0,0,0.5,0,0.5,0,0.5,-0.9375,0,0,-0.6,0,0,-1,0,0,-0.6,-0.2307,0.2,0,0.5,0.08887,0,34_GHAF_92806$49ab843f-03d0-4c34-889b-a40d0233f84b
0,0,1,1,0,0,0,0,0,0,0,0.5,0,0.5,0,0.5,-0.9375,0,0,-0.6,0,0,-1,0,0,-0.6,-0.2307,0,0,0,0.07715,1,11_NON_88434$c11f4f35-046c-4d90-874b-180c20ed4483
0,0,0,0,0,0,1,0,0,0,0,0.5,0,0.5,0,0.5,-0.9375,0,0,-0.6,0,0,-1,1,0,-0.6,-0.2307,0,0.9443,0,0.04395,1,15_TA_28304$8d65feb5-0117-45e3-b4a1-b576b95d17e2
0,0,0,0,0,0,0,0,0,0,0,0.5,0,0.5,0,0.5,-0.9375,0,0,-0.6,0,0,-1,0,0,-0.6,-0.2307,0,0.4556,0.789,0.4912,0,90_YE_27671$8c7c49eb-24ab-46ea-a9c7-f2a9befe2973
0,0,0,0,0,0,0,0,0,0,0,0.5,0,0.5,0,0.5,-0.9375,0,0,-0.6,0,0,-1,0,0,-0.6,-0.2307,0,0,0.9775,0.3145,0,00_BE_83844$d68e19fc-0c81-4da2-9486-ff6b02f29092
0,0,0,0,0,0,0,0,0,0,0,0.5,0,0.5,0,0.5,-0.9375,0,0,-0.6,0,0,-1,0,0,-0.6,-0.2307,0,0.5225,0,0.8955,1,44_TA_67917$f17775bf-5416-4a68-978e-57e4643c0d2f
0,0,0,0,0,0,0,0,0,0,0,0.5,0,0.5,0,0.5,-0.9375,0,0,-0.6,0,0,-1,0,0,-0.6,-0.2307,0,0,0,0.3145,1,68_MIM_55961$38513f00-0bd0-49d6-a372-16aec5a0688d
0,1,0,0,0,0,1,0,1,0,0,0.5,0,0.5,0,0.5,-0.9375,0,0,-0.6,0,0,-1,1,0,-0.6,-0.2307,0.422,0.8223,0,0.6816,1,64_SIN_85813$5d711226-ac1c-410c-bd03-31299929763f
0,0,0,0,0,0,0,0,0,0,0,0.5,0,0.5,1,0.2206,0.1875,0.246,0,-0.6,0,0,-1,0,0,-0.6,-0.2307,0.789,0,0.2666,0.8438,1,92_EIN_60344$4c0b4a42-3ff0-4f05-b9c3-43ed087d8d18
0,0,0,0,0,0,0,0,0,0,1,0.2441,1,0.9414,0,0.5,-0.9375,0,0,-0.6,0,0,-1,0,0,-0.6,-0.2307,0,0.2444,0,0.9824,1,13_TA_36151$1c9ee837-0fed-459a-8940-55e9d11132c6
0,1,0,0,1,0,1,0,0,0,0,0.5,0,0.5,0,0.5,-0.9375,0,1,0.2314,1,0.2422,0.578,0,0,-0.6,-0.2307,0,0.2556,0.778,0.1777,0,67_LAM_79227$f6c79e21-b24f-4121-a674-baa542918938
0,0,0,0,0,0,0,0,0,0,0,0.5,0,0.5,0,0.5,-0.9375,0,1,0.6733,0,0.1328,0.2344,1,0,-0.6,-0.2307,0,0,0,0.8066,1,53_HE_99775$c368e543-cc3e-43b1-bfad-f82bf244a1bf
0,0,1,1,0,0,0,0,0,0,1,0.1147,0,0.5,1,0.9473,0.3125,0.7295,0,-0.6,0,0,-1,0,0,-0.6,-0.2307,0,0,0.589,0.2432,0,63_DAL_07539$dbdfe388-d011-4fb9-8441-5530021d58e7
0,0,0,0,0,0,1,0,0,0,0,0.5,0,0.5,0,0.5,-0.9375,0,0,-0.6,0,0,-1,0,0,-0.6,-0.2307,0,0.1333,0.3333,0.208,1,21_YE_36803$dba6207a-b185-4753-ac37-2706dc3dcd71
0,0,0,1,0,1,0,0,0,0,0,0.5,0,0.5,0,0.5,-0.9375,0,0,-0.6,0,0,-1,0,0,-0.6,-0.2307,0,0.9556,0.722,0.3486,0,34_TA_13369$df157560-b949-4275-b44f-82f0eab783d3
0,0,0,0,1,0,0,0,1,0,0,0.5,0,0.5,0,0.5,-0.9375,0,0,-0.6,0,0,-1,1,0,-0.6,-0.2307,0.1666,0,0,0.5312,1,23_NON_21949$1f76b868-2b3c-4d27-a958-a4ad2b7ea5ad
0,0,0,0,0,0,0,0,0,0,0,0.5,0,0.5,0,0.5,-0.9375,0,1,0.847,0,0,0.9766,0,0,-0.6,-0.2307,0.7446,0.1,0,0.8955,1,77_TA_23483$a99c4ab2-37df-44d0-a321-8f15879a38dd
0,0,0,0,0,0,1,0,1,0,0,0.5,0,0.5,0,0.5,-0.9375,0,0,-0.6,0,0,-1,1,0,-0.6,-0.2307,0,0,0.8887,0.1826,0,89_MIM_36924$51371de4-cecf-4da8-93d1-f0a7eb253ba6
0,0,0,0,0,0,0,0,0,0,0,0.5,1,0.538,0,0.5,-0.9375,0,0,-0.6,0,0,-1,0,0,-0.6,-0.2307,0,0.8555,0,0.1328,1,92_HE_12094$d76091e8-10f8-4733-a6c4-b76ea627be3b
0,0,0,0,0,0,0,0,0,0,0,0.5,0,0.5,0,0.5,-0.9375,0,0,-0.6,0,0,-1,0,0,-0.6,-0.2307,0,0,0,0.4365,1,34_YE_33121$1093ac36-f7a2-4682-90e2-7ba122aad63d
0,0,0,0,0,1,0,0,0,0,0,0.5,0,0.5,0,0.5,-0.9375,0,0,-0.6,0,0,-1,0,0,-0.6,-0.2307,0,0,0.4778,0.00879,1,82_HE_26273$cee30495-1cde-4b4c-9536-455834de72d9
0,0,0,0,0,1,0,0,0,0,0,0.5,0,0.5,1,0.5796,0.6875,0.2058,1,0.04492,0,0.922,0.0703,0,0,-0.6,-0.2307,0.9,0,0,0.877,1,13_SIN_16863$e11b9477-2ff3-413d-9009-68843775626e
1,0,0,0,0,0,0,0,0,0,0,0.5,0,0.5,0,0.5,-0.9375,0,0,-0.6,0,0,-1,0,0,-0.6,-0.2307,0,0.989,0.8887,0.004883,0,88_JIM_83933$291533b6-6a7a-4dd6-8215-094a8fa444cc
0,0,0,0,0,0,0,0,0,0,0,0.5,0,0.5,0,0.5,-0.9375,0,0,-0.6,0,0,-1,0,0,-0.6,-0.2307,0.3445,0,0,0.4385,1,42_BE_66224$7dd915ae-24c5-4652-9dfa-aa189dc9d849
0,0,0,0,0,0,0,0,0,0,0,0.5,0,0.5,0,0.5,-0.9375,0,1,0.6675,1,0.883,0.1484,0,0,-0.6,-0.2307,0,0.6665,0,0.744,1,66_BE_15370$e3ca16ab-70c9-47ba-9f17-298926e59da3
0,0,0,1,1,0,1,0,0,0,0,0.5,0,0.5,0,0.5,-0.9375,0,0,-0.6,0,0,-1,0,0,-0.6,-0.2307,0.933,0,0.656,0.8047,0,08_WHEEL_31869$0133e046-f434-4885-ab16-c926c4b72754
0,0,1,0,1,0,0,0,0,0,1,0.4587,0,0.5,1,0.3293,0.625,0.5796,0,-0.6,0,0,-1,0,0,-0.6,-0.2307,0,0,0.03333,0.8936,1,64_BE_12924$f76471ef-0cb6-4c84-95ed-40209b984cbf
0,1,0,0,0,0,0,0,1,0,0,0.5,0,0.5,0,0.5,-0.9375,0,0,-0.6,0,0,-1,0,0,-0.6,-0.2307,0,0,0,0.3447,1,70_TA_24269$f1af0723-c6f3-4c70-b8e5-9e2f3345207c
0,0,0,0,0,0,0,0,0,0,0,0.5,0,0.5,1,0.4177,1,0.01091,0,-0.6,0,0,-1,0,0,-0.6,-0.2307,0.533,0.7334,0,0.3418,1,17_RE_06258$acb177cf-83c3-44f2-903c-039377f6576b
0,0,1,0,0,0,0,0,1,1,0,0.5,1,0.1088,0,0.5,-0.9375,0,0,-0.6,0,0,-1,0,0,-0.6,-0.2307,0,0,0.4,0.999,0,24_MIM_61374$9dd5394e-3224-487f-99c3-4fe36af2419d
0,1,0,0,0,0,0,0,0,0,0,0.5,0,0.5,0,0.5,-0.9375,0,0,-0.6,0,0,-1,0,0,-0.6,-0.2307,0,0,0,0.877,1,85_MIM_63698$4ad5f4c0-6e76-4957-8f07-d99aff01e4a3
0,0,0,0,1,0,0,0,0,0,0,0.5,1,0.45,0,0.5,-0.9375,0,1,0.6987,1,0.547,0.578,0,0,-0.6,-0.2307,0,0,0,0.1367,1,19_NON_13619$d4ece951-be82-4f1f-aac5-8ee1f176b203
0,0,0,0,0,0,0,0,0,0,0,0.5,0,0.5,0,0.5,-0.9375,0,0,-0.6,0,0,-1,0,0,-0.6,-0.2307,0,0,0.511,0.8477,0,66_BE_18298$132555e2-c7de-421a-8258-10fe68acee16
0,0,0,0,0,0,0,0,0,0,0,0.5,0,0.5,0,0.5,-0.9375,0,0,-0.6,0,0,-1,0,0,-0.6,-0.2307,0,0.3777,0,0.533,1,44_EIN_44883$e08caced-c247-496e-80da-7a13eb6221b3
0,0,0,0,0,0,0,0,0,0,0,0.5,0,0.5,0,0.5,-0.9375,0,0,-0.6,0,0,-1,0,0,-0.6,-0.2307,0.8,0.911,0,0.62,1,93_SIN_25131$1e1f20c0-c54e-4d5b-9484-22aa3a5cd743
0,0,0,0,0,0,0,0,0,0,0,0.5,0,0.5,0,0.5,-0.9375,0,0,-0.6,0,0,-1,0,0,-0.6,-0.2307,0,0,0,0.5303,1,08_RE_78059$21caf876-ce47-4d7c-92d0-43b65ecab818
0,0,0,0,1,0,0,1,0,0,0,0.5,0,0.5,0,0.5,-0.9375,0,0,-0.6,0,0,-1,0,0,-0.6,-0.2307,0,0,0,0.9873,1,21_RE_71520$8ce96895-4269-434d-a76b-f3cfeff03759
1,0,0,0,0,0,0,0,0,0,0,0.5,1,0.2883,0,0.5,-0.9375,0,0,-0.6,0,0,-1,0,0,-0.6,-0.2307,0,0.9556,0,0.948,1,20_NON_19360$1100fc48-7f39-4ffa-8cff-33880ba0beaa
0,0,0,0,0,0,0,0,0,0,0,0.5,0,0.5,0,0.5,-0.9375,0,0,-0.6,0,0,-1,0,0,-0.6,-0.2307,0.1333,0,0,0.591,1,28_EIN_05235$b34f4404-af0d-41c5-b8b7-85a341be2d1d
0,0,1,0,0,0,0,0,0,0,0,0.5,0,0.5,0,0.5,-0.9375,0,0,-0.6,0,0,-1,0,0,-0.6,-0.2307,0.4111,0,0.989,0.8936,0,52_WHEEL_39989$231dd56c-3eb6-492d-9674-f37c82e555de
0,0,0,0,0,0,0,1,0,0,0,0.5,0,0.5,1,0.3176,1,0.8193,0,-0.6,0,0,-1,0,0,-0.6,-0.2307,0,0,0,0.9375,1,08_TA_97884$f6d811ea-70b1-48b1-b270-c9fe7174df99
0,0,0,0,1,0,0,0,0,0,0,0.5,0,0.5,0,0.5,-0.9375,0,0,-0.6,0,0,-1,0,0,-0.6,-0.2307,0.7,0,0,0.624,1,87_RE_02304$a19d9d21-ccc8-4071-93af-eea1a4c8e7c4
0,1,0,0,0,0,0,0,0,1,0,0.5,0,0.5,0,0.5,-0.9375,0,0,-0.6,0,0,-1,0,0,-0.6,-0.2307,0,0,0,0.508,1,58_JIM_52340$a626e85b-9664-4a00-afbc-a6374cfcdeb2
0,0,0,0,0,0,0,0,0,0,0,0.5,0,0.5,0,0.5,-0.9375,0,0,-0.6,0,0,-1,0,0,-0.6,-0.2307,0,0.2333,0,0.9043,1,63_RE_43920$a9c8eb66-9dd4-4872-b04f-5814065a0102
0,0,1,0,0,0,0,0,0,0,0,0.5,1,0.6587,0,0.5,-0.9375,0,1,0.438,0,0.2109,0.3516,0,0,-0.6,-0.2307,0,0.844,0,0.169,1,71_WHEEL_43598$a8b8d739-02c9-4a46-8912-a50bda21ca97
1,0,0,0,1,0,0,0,0,0,0,0.5,0,0.5,0,0.5,-0.9375,0,0,-0.6,0,0,-1,0,0,-0.6,-0.2307,0,0,0,0.5693,1,47_LAM_63068$77a2d4c4-1dc9-4d53-a5b7-49879a0e07bd
0,0,0,0,1,0,0,0,0,0,0,0.5,0,0.5,0,0.5,-0.9375,0,0,-0.6,0,0,-1,1,0,-0.6,-0.2307,0,0,0,0.5605,1,57_WHEEL_47748$1a6bf4e8-f28c-48e4-8ce9-cb38433d612e
0,0,0,0,0,0,1,0,0,1,0,0.5,0,0.5,0,0.5,-0.9375,0,0,-0.6,0,0,-1,0,1,0.4,0.1538,0.778,0.2444,0.1333,0.3232,1,11_GHAF_37756$9121117c-e553-4145-8171-aec74a7a3560
0,0,0,0,0,1,0,0,0,1,0,0.5,0,0.5,0,0.5,-0.9375,0,0,-0.6,0,0,-1,0,0,-0.6,-0.2307,0.5225,0.911,0.6445,0.708,1,12_LAM_84841$45f51e8b-d3e1-448b-a0f2-61a32e6386d3
0,0,0,0,1,0,0,0,1,1,1,0.9795,0,0.5,0,0.5,-0.9375,0,0,-0.6,0,0,-1,0,0,-0.6,-0.2307,0,0,0,0.5703,0,05_GHAF_25425$01f9dead-e9f0-4955-80a7-9cbee1684b6c
0,0,1,0,0,0,0,0,0,0,0,0.5,1,0.847,1,0.6914,0.6875,0.9736,1,0.5073,1,0.672,0.414,0,0,-0.6,-0.2307,0,0.967,0.4888,0.8857,1,47_MIM_71412$052ae679-d348-4171-b3db-da957077d5cd
0,0,0,0,0,0,0,0,0,0,0,0.5,0,0.5,0,0.5,-0.9375,0,0,-0.6,0,0,-1,0,0,-0.6,-0.2307,0.5444,0,0,0.586,1,83_EIN_85818$cc89298c-0d41-4452-aad2-933db3d15ca8
1,0,0,0,0,0,0,0,0,1,0,0.5,1,0.6353,0,0.5,-0.9375,0,0,-0.6,0,0,-1,0,0,-0.6,-0.2307,0,0,0.4111,0.287,1,73_EIN_76925$9130d2b5-4a4e-4166-bd59-1acaae13a321
0,0,0,1,0,0,0,0,0,0,0,0.5,0,0.5,0,0.5,-0.9375,0,1,0.09033,1,0.4844,0.8516,1,0,-0.6,-0.2307,0,0.533,0.967,0.10254,0,03_EIN_88367$417610b3-fa73-4f42-aec8-fb48901a0c75
0,0,0,0,0,0,0,0,0,0,0,0.5,0,0.5,0,0.5,-0.9375,0,0,-0.6,0,0,-1,0,0,-0.6,-0.2307,0,0,0,0.7686,1,53_YE_61848$9e289d9c-cd74-4a20-8bef-d1cd8e0c55c7
0,1,0,0,0,0,0,0,0,0,1,0.85,0,0.5,1,0.55,0.8125,0.267,0,-0.6,0,0,-1,0,0,-0.6,-0.2307,0,0,0,0.5645,1,15_MIM_64810$2fafc2b9-6e92-4da4-8526-f957e2e80c3c
0,0,0,0,1,0,1,0,0,0,0,0.5,0,0.5,0,0.5,-0.9375,0,0,-0.6,0,0,-1,0,0,-0.6,-0.2307,0.844,0.389,0.5,0.02734,1,41_GHAF_67348$bef4e783-ed2f-41f3-b22e-fa61e148c301
0,0,0,0,0,0,0,0,1,0,0,0.5,1,0.8,0,0.5,-0.9375,0,0,-0.6,0,0,-1,0,0,-0.6,-0.2307,0.9775,0.8555,0,0.1348,1,13_SAD_27507$b7ace8fc-8edd-4afc-a51a-3b9f6d61e811
0,0,0,0,1,0,0,0,0,0,0,0.5,0,0.5,0,0.5,-0.9375,0,0,-0.6,0,0,-1,0,0,-0.6,-0.2307,0.3223,0,0.533,0.1309,0,87_EIN_86542$1ef4cdbe-d34c-4397-b005-16239c452015
0,0,0,0,0,0,0,0,0,0,1,0.9795,0,0.5,0,0.5,-0.9375,0,0,-0.6,0,0,-1,1,0,-0.6,-0.2307,0,0,0.02222,0.46,1,99_TE_33059$ca4dd078-f585-4e84-9ce8-151e3dc0a1bc
0,0,0,0,0,0,0,0,0,0,0,0.5,0,0.5,0,0.5,-0.9375,0,0,-0.6,0,0,-1,0,0,-0.6,-0.2307,0.1777,0.1888,0.3333,0.0332,1,51_TA_14084$6c26c052-220a-487b-aab4-45e0b5864244
0,0,0,0,1,1,0,0,0,0,0,0.5,0,0.5,0,0.5,-0.9375,0,0,-0.6,0,0,-1,0,1,0.8,0.1538,0.8555,0,0,0.663,1,98_WHEEL_92354$304fd3c7-3f64-49b9-89ed-d2739d02fd49
0,1,1,1,0,0,0,0,0,0,0,0.5,0,0.5,0,0.5,-0.9375,0,0,-0.6,0,0,-1,1,0,-0.6,-0.2307,0,0,0,0.839,1,19_TA_31710$5af66479-8a7e-4c4a-92fa-ceadb2430f74
0,0,0,0,1,0,0,0,0,0,0,0.5,0,0.5,0,0.5,-0.9375,0,0,-0.6,0,0,-1,0,0,-0.6,-0.2307,0,0,0,0.495,1,66_SIN_13503$0ef8c453-190d-407e-8b6d-df86736109cd
0,0,0,0,0,0,0,0,0,0,0,0.5,0,0.5,0,0.5,-0.9375,0,0,-0.6,0,0,-1,0,0,-0.6,-0.2307,0.6445,0.4778,0.2666,0.9746,1,02_RE_68490$338b32d9-d4c2-42fc-b261-26fe614c9e88
0,0,0,1,0,0,0,0,0,0,0,0.5,1,0.9707,1,0.994,0.9375,0.797,0,-0.6,0,0,-1,0,0,-0.6,-0.2307,0.711,0,0,0.5664,1,40_BE_43096$bfe7add2-f1ca-4ac1-8fab-f1c9f75311d4
0,0,0,1,0,0,0,0,0,0,0,0.5,0,0.5,0,0.5,-0.9375,0,0,-0.6,0,0,-1,0,1,0.6,0,0.2444,0.5557,0,0.8066,1,75_RE_22686$72b3ab1c-305b-48db-8c38-084b08968c58
0,0,0,0,0,0,0,0,0,0,0,0.5,1,0.8823,1,0.1588,0.8125,0.11017,0,-0.6,0,0,-1,0,0,-0.6,-0.2307,0,0.8667,0.03333,0.922,1,42_BE_50676$13ce0600-c97e-4a64-88d9-83d0c97e29e4
1,1,0,0,0,0,0,0,0,0,0,0.5,1,0.3088,0,0.5,-0.9375,0,0,-0.6,0,0,-1,0,0,-0.6,-0.2307,0,0.5444,0.4111,0.2168,1,21_HE_98871$110fdc6c-5e8b-44f2-8ea0-17c84d3c7f03
